"시도교육청","교육지원청","지역","정보공시 학교코드","학교명","학교급코드","설립구분","제외여부","제외사유","예결산구분","세입세출구분","인적자원운용","학생복지/교육격차해소","기본적교육활동","선택적교육활동","교육활동지원","학교일반운영","학교시설확충","학교재무활동"
"서울특별시교육청","서울특별시강남서초교육지원청","서울특별시 서초구","S000003511","서울교육대학교부설초등학교","02","국립","N","","복식부기","예산세출","74320000","58740000","279558000","112735000","125597000","450035000","10800000","503000"
"서울특별시교육청","서울특별시중부교육지원청","서울특별시 종로구","S000003563","서울대학교사범대학부설초등학교","02","국립","N","","복식부기","예산세출","0","10500000","70700000","278870000","0","700000","0","0"
"서울특별시교육청","서울특별시강남서초교육지원청","서울특별시 강남구","S010000737","서울개원초등학교","02","공립","N","","복식부기","예산세출","23710000","256045000","169160000","268696000","430986000","321901000","0","0"
"서울특별시교육청","서울특별시강남서초교육지원청","서울특별시 강남구","S010000738","서울개일초등학교","02","공립","N","","복식부기","예산세출","20560000","110526000","148270000","18084000","70463000","357898000","0","20000000"
"서울특별시교육청","서울특별시강남서초교육지원청","서울특별시 강남구","S010000739","서울개포초등학교","02","공립","N","","복식부기","예산세출","28197000","189827000","178904000","24000000","66296000","391181000","0","5000000"
"서울특별시교육청","서울특별시강남서초교육지원청","서울특별시 강남구","S010000741","서울구룡초등학교","02","공립","N","","복식부기","예산세출","17940000","97832000","194263000","25310000","108854000","332531000","0","0"
"서울특별시교육청","서울특별시강남서초교육지원청","서울특별시 강남구","S010000742","서울논현초등학교","02","공립","N","","복식부기","예산세출","19750000","157077000","95910000","23100000","56594000","365622000","0","0"
"서울특별시교육청","서울특별시강남서초교육지원청","서울특별시 강남구","S010000743","서울대곡초등학교","02","공립","N","","복식부기","예산세출","60873000","182886000","366174000","643781000","107713000","409082000","0","0"
"서울특별시교육청","서울특별시강남서초교육지원청","서울특별시 강남구","S010000744","서울대도초등학교","02","공립","N","","복식부기","예산세출","21300000","127943000","228840000","22180000","100303000","452427000","0","0"
"서울특별시교육청","서울특별시강남서초교육지원청","서울특별시 강남구","S010000745","서울대모초등학교","02","공립","N","","복식부기","예산세출","35635000","164647000","226642000","328290000","77185000","292256000","0","0"
"서울특별시교육청","서울특별시강남서초교육지원청","서울특별시 강남구","S010000746","서울대왕초등학교","02","공립","N","","복식부기","예산세출","23130000","132011000","148250000","20200000","107207000","347577000","0","0"
"서울특별시교육청","서울특별시강남서초교육지원청","서울특별시 강남구","S010000747","서울대진초등학교","02","공립","N","","복식부기","예산세출","11970000","142078000","83005000","154029000","109010000","274242000","0","0"
"서울특별시교육청","서울특별시강남서초교육지원청","서울특별시 강남구","S010000748","서울대청초등학교","02","공립","N","","복식부기","예산세출","19380000","101032000","145876000","38700000","36831000","271358000","0","0"
"서울특별시교육청","서울특별시강남서초교육지원청","서울특별시 강남구","S010000749","서울대치초등학교","02","공립","N","","복식부기","예산세출","13580000","82568000","194899000","14800000","74450000","473914000","0","0"
"서울특별시교육청","서울특별시강남서초교육지원청","서울특별시 강남구","S010000750","서울대현초등학교","02","공립","N","","복식부기","예산세출","20140000","139400000","196627000","18800000","89535000","295157000","0","0"
"서울특별시교육청","서울특별시강남서초교육지원청","서울특별시 강남구","S010000751","서울도곡초등학교","02","공립","N","","복식부기","예산세출","19620000","74290000","195818000","675788000","140559000","569356000","0","0"
"서울특별시교육청","서울특별시강남서초교육지원청","서울특별시 강남구","S010000752","서울도성초등학교","02","공립","N","","복식부기","예산세출","16900000","160199000","250968000","17300000","114274000","426272000","0","0"
"서울특별시교육청","서울특별시강남서초교육지원청","서울특별시 서초구","S010000753","서울반원초등학교","02","공립","N","","복식부기","예산세출","48620000","259374000","213010000","879449000","88917000","364938000","0","0"
"서울특별시교육청","서울특별시강남서초교육지원청","서울특별시 서초구","S010000755","서울방배초등학교","02","공립","N","","복식부기","예산세출","28730000","164498000","138000000","583545000","100374000","362033000","2600000","0"
"서울특별시교육청","서울특별시강남서초교육지원청","서울특별시 서초구","S010000756","서울방일초등학교","02","공립","N","","복식부기","예산세출","21740000","137982000","179778000","18781000","57804000","361256000","0","0"
"서울특별시교육청","서울특별시강남서초교육지원청","서울특별시 서초구","S010000757","서울방현초등학교","02","공립","N","","복식부기","예산세출","14035000","106464000","63880000","102300000","48578000","280183000","0","0"
"서울특별시교육청","서울특별시강남서초교육지원청","서울특별시 강남구","S010000758","서울봉은초등학교","02","공립","N","","복식부기","예산세출","16140000","116006000","143922000","351880000","65657000","301298000","0","0"
"서울특별시교육청","서울특별시강남서초교육지원청","서울특별시 강남구","S010000759","서울삼릉초등학교","02","공립","N","","복식부기","예산세출","19874000","157783000","170394000","378700000","75157000","249152000","0","0"
"서울특별시교육청","서울특별시강남서초교육지원청","서울특별시 서초구","S010000760","서울서래초등학교","02","공립","N","","복식부기","예산세출","26350000","138111000","188416000","22000000","75296000","375853000","0","0"
"서울특별시교육청","서울특별시강남서초교육지원청","서울특별시 서초구","S010000761","서울서원초등학교","02","공립","N","","복식부기","예산세출","45350000","114309000","222482000","19700000","81659000","492932000","0","1000000"
"서울특별시교육청","서울특별시강남서초교육지원청","서울특별시 서초구","S010000762","서울서이초등학교","02","공립","N","","복식부기","예산세출","28718000","130576000","221024000","199405000","90960000","385008000","0","50000000"
"서울특별시교육청","서울특별시강남서초교육지원청","서울특별시 서초구","S010000763","서울서일초등학교","02","공립","N","","복식부기","예산세출","19948000","155058000","129982000","242770000","65529000","245447000","7247000","300000"
"서울특별시교육청","서울특별시강남서초교육지원청","서울특별시 서초구","S010000764","서울서초초등학교","02","공립","N","","복식부기","예산세출","19185000","173544000","186084000","569664000","72730000","388331000","0","2000000"
"서울특별시교육청","서울특별시강남서초교육지원청","서울특별시 강남구","S010000765","서울수서초등학교","02","공립","N","","복식부기","예산세출","12450000","146041000","76705000","17400000","77765000","288064000","0","5000000"
"서울특별시교육청","서울특별시강남서초교육지원청","서울특별시 강남구","S010000766","서울신구초등학교","02","공립","N","","복식부기","예산세출","22170000","212177000","131452000","22452000","116210000","377215000","0","0"
"서울특별시교육청","서울특별시강남서초교육지원청","서울특별시 서초구","S010000767","서울신동초등학교","02","공립","N","","복식부기","예산세출","18340000","129703000","214500000","21650000","114610000","269333000","0","0"
"서울특별시교육청","서울특별시강남서초교육지원청","서울특별시 서초구","S010000768","서울신중초등학교","02","공립","N","","복식부기","예산세출","28250000","151343000","168410000","64000000","77395000","363181000","0","0"
"서울특별시교육청","서울특별시강남서초교육지원청","서울특별시 강남구","S010000769","서울압구정초등학교","02","공립","N","","복식부기","예산세출","26520000","196874000","218850000","643700000","94611000","295059000","30000000","0"
"서울특별시교육청","서울특별시강남서초교육지원청","서울특별시 서초구","S010000770","서울양재초등학교","02","공립","N","","복식부기","예산세출","20190000","146956000","166765000","153211000","55441000","280181000","0","1500000"
"서울특별시교육청","서울특별시강남서초교육지원청","서울특별시 강남구","S010000771","서울양전초등학교","02","공립","N","","복식부기","예산세출","17240000","66690000","92750000","16000000","62820000","327675000","0","0"
"서울특별시교육청","서울특별시강남서초교육지원청","서울특별시 서초구","S010000772","서울언남초등학교","02","공립","N","","복식부기","예산세출","19255000","101577000","161738000","23585000","68932000","486500000","0","0"
"서울특별시교육청","서울특별시강남서초교육지원청","서울특별시 강남구","S010000773","서울언북초등학교","02","공립","N","","복식부기","예산세출","40576000","178126000","280310000","35480000","134332000","832704000","146000000","1080000"
"서울특별시교육청","서울특별시강남서초교육지원청","서울특별시 강남구","S010000774","서울언주초등학교","02","공립","N","","복식부기","예산세출","39860000","185107000","276925000","36640000","109574000","344410000","98000000","0"
"서울특별시교육청","서울특별시강남서초교육지원청","서울특별시 강남구","S010000775","서울역삼초등학교","02","공립","N","","복식부기","예산세출","16790000","182313000","132290000","316571000","45211000","298451000","0","0"
"서울특별시교육청","서울특별시강남서초교육지원청","서울특별시 강남구","S010000776","서울영희초등학교","02","공립","N","","복식부기","예산세출","23615000","121060000","89819000","158126000","65799000","421311000","0","0"
"서울특별시교육청","서울특별시강남서초교육지원청","서울특별시 강남구","S010000777","서울왕북초등학교","02","공립","N","","복식부기","예산세출","17290000","130450000","150309000","17400000","71250000","377247000","0","2000000"
"서울특별시교육청","서울특별시강남서초교육지원청","서울특별시 서초구","S010000778","서울우암초등학교","02","공립","N","","복식부기","예산세출","16750000","51270000","105535000","176770000","55578000","300431000","0","0"
"서울특별시교육청","서울특별시강남서초교육지원청","서울특별시 서초구","S010000779","서울원명초등학교","02","공립","N","","복식부기","예산세출","18090000","105810000","165652000","31800000","67547000","391091000","0","0"
"서울특별시교육청","서울특별시강남서초교육지원청","서울특별시 서초구","S010000780","서울원촌초등학교","02","공립","N","","복식부기","예산세출","29335000","88371000","182053000","17755000","75017000","411574000","0","0"
"서울특별시교육청","서울특별시강남서초교육지원청","서울특별시 서초구","S010000781","서울이수초등학교","02","공립","N","","복식부기","예산세출","31463000","120471000","145105000","60832000","60647000","305899000","0","5000000"
"서울특별시교육청","서울특별시강남서초교육지원청","서울특별시 강남구","S010000782","서울일원초등학교","02","공립","N","","복식부기","예산세출","25855000","163327000","243283000","149668000","125248000","440881000","0","0"
"서울특별시교육청","서울특별시강남서초교육지원청","서울특별시 서초구","S010000783","서울잠원초등학교","02","공립","N","","복식부기","예산세출","36480000","260286000","224330000","1234000000","127376000","466137000","0","2000000"
"서울특별시교육청","서울특별시강남서초교육지원청","서울특별시 강남구","S010000784","서울청담초등학교","02","공립","N","","복식부기","예산세출","18850000","132913000","139060000","366200000","79524000","297090000","0","0"
"서울특별시교육청","서울특별시강남서초교육지원청","서울특별시 강남구","S010000785","서울포이초등학교","02","공립","N","","복식부기","예산세출","28400000","127345000","105980000","178020000","136936000","523206000","108000000","1000000"
"서울특별시교육청","서울특별시강남서초교육지원청","서울특별시 강남구","S010000786","서울학동초등학교","02","공립","N","","복식부기","예산세출","23080000","150011000","160412000","317732000","83320000","314110000","0","1000000"
"서울특별시교육청","서울특별시강동송파교육지원청","서울특별시 송파구","S010000897","서울가동초등학교","02","공립","N","","복식부기","예산세출","26000000","152903000","169445000","488571000","60530000","432952000","2400000","0"
"서울특별시교육청","서울특별시강동송파교육지원청","서울특별시 송파구","S010000898","서울가락초등학교","02","공립","N","","복식부기","예산세출","33313000","192671000","255438000","597250000","91020000","384708000","0","0"
"서울특별시교육청","서울특별시강동송파교육지원청","서울특별시 송파구","S010000899","서울가원초등학교","02","공립","N","","복식부기","예산세출","23112000","140522000","133516000","289554000","76295000","300161000","0","0"
"서울특별시교육청","서울특별시강동송파교육지원청","서울특별시 송파구","S010000900","서울가주초등학교","02","공립","N","","복식부기","예산세출","18585000","147951000","170825000","365670000","117664000","345306000","0","0"
"서울특별시교육청","서울특별시강동송파교육지원청","서울특별시 강동구","S010000901","서울강덕초등학교","02","공립","N","","복식부기","예산세출","20155000","94307000","169160000","24580000","64113000","474689000","0","0"
"서울특별시교육청","서울특별시강동송파교육지원청","서울특별시 강동구","S010000902","서울강동초등학교","02","공립","N","","복식부기","예산세출","16840000","148588000","129066000","19120000","56359000","391979000","0","0"
"서울특별시교육청","서울특별시강동송파교육지원청","서울특별시 강동구","S010000903","서울강일초등학교","02","공립","N","","복식부기","예산세출","14400000","106604000","116238000","267830000","107202000","389040000","0","1000000"
"서울특별시교육청","서울특별시강동송파교육지원청","서울특별시 송파구","S010000904","서울거여초등학교","02","공립","N","","복식부기","예산세출","30780000","198233000","170290000","483100000","184950000","360334000","0","10000000"
"서울특별시교육청","서울특별시강동송파교육지원청","서울특별시 송파구","S010000905","서울거원초등학교","02","공립","N","","복식부기","예산세출","11780000","185765000","168357000","267600000","109296000","442498000","0","0"
"서울특별시교육청","서울특별시강동송파교육지원청","서울특별시 강동구","S010000906","서울고덕초등학교","02","공립","N","","복식부기","예산세출","27974000","125922000","169240000","322476000","80438000","325836000","0","5000000"
"서울특별시교육청","서울특별시강동송파교육지원청","서울특별시 강동구","S010000907","서울고명초등학교","02","공립","N","","복식부기","예산세출","15210000","173494000","159610000","90525000","67407000","327888000","0","10000000"
"서울특별시교육청","서울특별시강동송파교육지원청","서울특별시 강동구","S010000908","서울고일초등학교","02","공립","N","","복식부기","예산세출","27700000","286636000","478820000","786500000","88493000","483098000","0","0"
"서울특별시교육청","서울특별시강동송파교육지원청","서울특별시 강동구","S010000909","서울길동초등학교","02","공립","N","","복식부기","예산세출","19240000","114714000","154338000","23922000","72801000","369012000","0","0"
"서울특별시교육청","서울특별시강동송파교육지원청","서울특별시 송파구","S010000910","서울남천초등학교","02","공립","N","","복식부기","예산세출","28100000","148152000","120464000","75116000","44581000","306054000","0","0"
"서울특별시교육청","서울특별시강동송파교육지원청","서울특별시 강동구","S010000911","서울대명초등학교","02","공립","N","","복식부기","예산세출","41670000","75038000","134900000","467152000","80097000","397752000","0","0"
"서울특별시교육청","서울특별시강동송파교육지원청","서울특별시 송파구","S010000913","서울마천초등학교","02","공립","N","","복식부기","예산세출","27565000","179455000","127617000","38959000","76660000","403930000","0","0"
"서울특별시교육청","서울특별시강동송파교육지원청","서울특별시 강동구","S010000914","서울명덕초등학교","02","공립","N","","복식부기","예산세출","27030000","268573000","351040000","642250000","89298000","386690000","0","0"
"서울특별시교육청","서울특별시강동송파교육지원청","서울특별시 강동구","S010000915","서울명원초등학교","02","공립","N","","복식부기","예산세출","16300000","87431000","121434000","21761000","161687000","315456000","0","0"
"서울특별시교육청","서울특별시강동송파교육지원청","서울특별시 강동구","S010000916","서울명일초등학교","02","공립","N","","복식부기","예산세출","22590000","135478000","209980000","288000000","73187000","373701000","0","0"
"서울특별시교육청","서울특별시강동송파교육지원청","서울특별시 강동구","S010000917","서울묘곡초등학교","02","공립","N","","복식부기","예산세출","35970000","239580000","322111000","552934000","99959000","411826000","0","0"
"서울특별시교육청","서울특별시강동송파교육지원청","서울특별시 송파구","S010000918","서울문덕초등학교","02","공립","N","","복식부기","예산세출","27750000","165591000","159554000","205521000","45984000","288420000","0","0"
"서울특별시교육청","서울특별시강동송파교육지원청","서울특별시 송파구","S010000919","서울문정초등학교","02","공립","N","","복식부기","예산세출","28540000","105435000","137500000","360150000","81372000","383500000","0","0"
"서울특별시교육청","서울특별시강동송파교육지원청","서울특별시 송파구","S010000920","서울방산초등학교","02","공립","N","","복식부기","예산세출","15800000","143010000","174370000","408564000","65263000","298206000","0","2000000"
"서울특별시교육청","서울특별시강동송파교육지원청","서울특별시 송파구","S010000921","서울방이초등학교","02","공립","N","","복식부기","예산세출","11640000","89425000","123725000","181848000","65423000","368474000","0","1000000"
"서울특별시교육청","서울특별시강동송파교육지원청","서울특별시 송파구","S010000922","서울삼전초등학교","02","공립","N","","복식부기","예산세출","22800000","167238000","244026000","366100000","59064000","438067000","0","0"
"서울특별시교육청","서울특별시강동송파교육지원청","서울특별시 강동구","S010000923","서울상일초등학교","02","공립","N","","복식부기","예산세출","14140000","96565000","74720000","180936000","43468000","321826000","0","0"
"서울특별시교육청","서울특별시강동송파교육지원청","서울특별시 송파구","S010000924","서울석촌초등학교","02","공립","N","","복식부기","예산세출","28162000","177277000","220074000","354363000","72324000","376162000","0","0"
"서울특별시교육청","서울특별시강동송파교육지원청","서울특별시 강동구","S010000925","서울선린초등학교","02","공립","N","","복식부기","예산세출","23546000","211649000","139289000","307482000","71671000","277841000","0","1500000"
"서울특별시교육청","서울특별시강동송파교육지원청","서울특별시 강동구","S010000926","서울선사초등학교","02","공립","N","","복식부기","예산세출","23865000","117352000","169220000","294700000","63910000","364537000","0","0"
"서울특별시교육청","서울특별시강동송파교육지원청","서울특별시 강동구","S010000927","서울성내초등학교","02","공립","N","","복식부기","예산세출","30780000","197467000","188846000","473430000","74133000","317867000","0","0"
"서울특별시교육청","서울특별시강동송파교육지원청","서울특별시 강동구","S010000928","서울성일초등학교","02","공립","N","","복식부기","예산세출","23190000","188366000","199940000","33720000","174067000","686086000","102600000","10000000"
"서울특별시교육청","서울특별시강동송파교육지원청","서울특별시 송파구","S010000929","서울세륜초등학교","02","공립","N","","복식부기","예산세출","17985000","175053000","133090000","486385000","78449000","340406000","0","500000"
"서울특별시교육청","서울특별시강동송파교육지원청","서울특별시 송파구","S010000930","서울송전초등학교","02","공립","N","","복식부기","예산세출","20750000","180876000","193373000","502044000","63484000","322681000","0","0"
"서울특별시교육청","서울특별시강동송파교육지원청","서울특별시 송파구","S010000931","서울송파초등학교","02","공립","N","","복식부기","예산세출","19330000","171243000","132735000","216100000","75459000","328944000","0","0"
"서울특별시교육청","서울특별시강동송파교육지원청","서울특별시 송파구","S010000932","서울신가초등학교","02","공립","N","","복식부기","예산세출","25435000","167975000","157095000","308130000","79905000","324456000","0","0"
"서울특별시교육청","서울특별시강동송파교육지원청","서울특별시 강동구","S010000933","서울신명초등학교","02","공립","N","","복식부기","예산세출","23153000","105850000","130430000","17550000","85878000","287757000","0","0"
"서울특별시교육청","서울특별시강동송파교육지원청","서울특별시 강동구","S010000934","서울신암초등학교","02","공립","N","","복식부기","예산세출","17750000","118642000","171810000","332635000","128727000","424066000","0","0"
"서울특별시교육청","서울특별시강동송파교육지원청","서울특별시 송파구","S010000935","서울신천초등학교","02","공립","N","","복식부기","예산세출","12155000","122749000","148950000","463394000","90744000","356304000","0","0"
"서울특별시교육청","서울특별시강동송파교육지원청","서울특별시 송파구","S010000936","서울아주초등학교","02","공립","N","","복식부기","예산세출","13050000","76125000","157140000","210150000","85189000","380594000","0","0"
"서울특별시교육청","서울특별시강동송파교육지원청","서울특별시 송파구","S010000937","서울영풍초등학교","02","공립","N","","복식부기","예산세출","17530000","961489000","122689000","619750000","117134000","422961000","0","0"
"서울특별시교육청","서울특별시강동송파교육지원청","서울특별시 송파구","S010000938","서울오금초등학교","02","공립","N","","복식부기","예산세출","21290000","151785000","219264000","325062000","53994000","342716000","0","0"
"서울특별시교육청","서울특별시강동송파교육지원청","서울특별시 송파구","S010000939","서울오륜초등학교","02","공립","N","","복식부기","예산세출","18000000","135701000","112370000","431090000","66407000","326478000","0","0"
"서울특별시교육청","서울특별시강동송파교육지원청","서울특별시 송파구","S010000941","서울잠동초등학교","02","공립","N","","복식부기","예산세출","21660000","132604000","194320000","247852000","79324000","326742000","0","0"
"서울특별시교육청","서울특별시강동송파교육지원청","서울특별시 송파구","S010000942","서울잠신초등학교","02","공립","N","","복식부기","예산세출","90570000","214402000","219565000","817499000","75039000","451624000","0","0"
"서울특별시교육청","서울특별시강동송파교육지원청","서울특별시 송파구","S010000943","서울잠실초등학교","02","공립","N","","복식부기","예산세출","25993000","151357000","212993000","584693000","95278000","316952000","0","0"
"서울특별시교육청","서울특별시강동송파교육지원청","서울특별시 송파구","S010000944","서울잠일초등학교","02","공립","N","","복식부기","예산세출","27742000","138644000","293235000","22660000","123713000","407304000","0","0"
"서울특별시교육청","서울특별시강동송파교육지원청","서울특별시 송파구","S010000945","서울잠전초등학교","02","공립","N","","복식부기","예산세출","20644000","163552000","145591000","398232000","76543000","313145000","3830000","10000000"
"서울특별시교육청","서울특별시강동송파교육지원청","서울특별시 송파구","S010000946","서울중대초등학교","02","공립","N","","복식부기","예산세출","26160000","139253000","202778000","200590000","92077000","315126000","0","0"
"서울특별시교육청","서울특별시강동송파교육지원청","서울특별시 강동구","S010000947","서울천동초등학교","02","공립","N","","복식부기","예산세출","21880000","166431000","172014000","596464000","95735000","405811000","0","0"
"서울특별시교육청","서울특별시강동송파교육지원청","서울특별시 강동구","S010000948","서울천일초등학교","02","공립","N","","복식부기","예산세출","15140000","131443000","102503000","108969000","92201000","314913000","0","0"
"서울특별시교육청","서울특별시강동송파교육지원청","서울특별시 강동구","S010000949","서울천호초등학교","02","공립","N","","복식부기","예산세출","21800000","225958000","181350000","320078000","55167000","350066000","0","0"
"서울특별시교육청","서울특별시강동송파교육지원청","서울특별시 송파구","S010000950","서울토성초등학교","02","공립","N","","복식부기","예산세출","22640000","48585000","98951000","24631000","47117000","488343000","0","0"
"서울특별시교육청","서울특별시강동송파교육지원청","서울특별시 송파구","S010000951","서울평화초등학교","02","공립","N","","복식부기","예산세출","22070000","54045000","97760000","12442000","38085000","292061000","0","0"
"서울특별시교육청","서울특별시강동송파교육지원청","서울특별시 송파구","S010000952","서울풍납초등학교","02","공립","N","","복식부기","예산세출","20140000","126083000","111918000","141565000","51514000","329697000","0","0"
"서울특별시교육청","서울특별시강동송파교육지원청","서울특별시 송파구","S010000953","서울풍성초등학교","02","공립","N","","복식부기","예산세출","23060000","146314000","106662000","150034000","73930000","235375000","0","0"
"서울특별시교육청","서울특별시강동송파교육지원청","서울특별시 강동구","S010000954","서울한산초등학교","02","공립","N","","복식부기","예산세출","17100000","151940000","112984000","120470000","90898000","419364000","0","0"
"서울특별시교육청","서울특별시강서양천교육지원청","서울특별시 강서구","S010001004","서울가곡초등학교","02","공립","N","","복식부기","예산세출","18410000","118294000","174683000","327059000","63323000","368992000","0","0"
"서울특별시교육청","서울특별시강서양천교육지원청","서울특별시 강서구","S010001005","서울가양초등학교","02","공립","N","","복식부기","예산세출","14315000","96063000","147125000","34548000","38721000","256068000","0","0"
"서울특별시교육청","서울특별시강서양천교육지원청","서울특별시 양천구","S010001006","서울갈산초등학교","02","공립","N","","복식부기","예산세출","19000000","182528000","167141000","932752000","71711000","339336000","0","5000000"
"서울특별시교육청","서울특별시강서양천교육지원청","서울특별시 양천구","S010001007","서울강서초등학교","02","공립","N","","복식부기","예산세출","24025000","221505000","218670000","20996000","138286000","356508000","3000000","1000000"
"서울특별시교육청","서울특별시강서양천교육지원청","서울특별시 양천구","S010001008","서울강신초등학교","02","공립","N","","복식부기","예산세출","23213000","144695000","131670000","258458000","88034000","354360000","0","20000000"
"서울특별시교육청","서울특별시강서양천교육지원청","서울특별시 양천구","S010001009","서울강월초등학교","02","공립","N","","복식부기","예산세출","19680000","171162000","125230000","29771000","60656000","355160000","0","150000"
"서울특별시교육청","서울특별시강서양천교육지원청","서울특별시 강서구","S010001010","서울개화초등학교","02","공립","N","","복식부기","예산세출","14690000","108308000","87540000","76713000","46887000","261131000","0","0"
"서울특별시교육청","서울특별시강서양천교육지원청","서울특별시 양천구","S010001011","서울경인초등학교","02","공립","N","","복식부기","예산세출","17040000","265552000","240104000","126580000","79154000","264670000","0","1000000"
"서울특별시교육청","서울특별시강서양천교육지원청","서울특별시 양천구","S010001012","서울계남초등학교","02","공립","N","","복식부기","예산세출","23750000","177417000","158240000","300500000","62903000","354209000","0","2000000"
"서울특별시교육청","서울특별시강서양천교육지원청","서울특별시 강서구","S010001013","서울공진초등학교","02","공립","N","","복식부기","예산세출","147977000","1802687000","322430000","844442000","193410000","518350000","0","0"
"서울특별시교육청","서울특별시강서양천교육지원청","서울특별시 강서구","S010001014","서울공항초등학교","02","공립","N","","복식부기","예산세출","35763000","318787000","319248000","683500000","82883000","482471000","0","300000"
"서울특별시교육청","서울특별시강서양천교육지원청","서울특별시 양천구","S010001015","서울남명초등학교","02","공립","N","","복식부기","예산세출","20765000","175227000","163210000","105656000","60421000","285586000","0","0"
"서울특별시교육청","서울특별시강서양천교육지원청","서울특별시 강서구","S010001016","서울내발산초등학교","02","공립","N","","복식부기","예산세출","24895000","271556000","261007000","472898000","120168000","387520000","0","2000000"
"서울특별시교육청","서울특별시강서양천교육지원청","서울특별시 강서구","S010001017","서울등명초등학교","02","공립","N","","복식부기","예산세출","11240000","121592000","110174000","77100000","87979000","258781000","0","10000"
"서울특별시교육청","서울특별시강서양천교육지원청","서울특별시 강서구","S010001018","서울등서초등학교","02","공립","N","","복식부기","예산세출","18480000","77540000","132700000","17768000","51942000","335354000","0","1000000"
"서울특별시교육청","서울특별시강서양천교육지원청","서울특별시 강서구","S010001019","서울등양초등학교","02","공립","N","","복식부기","예산세출","9733000","77925000","101090000","120380000","64445000","299844000","0","1000"
"서울특별시교육청","서울특별시강서양천교육지원청","서울특별시 강서구","S010001020","서울등원초등학교","02","공립","N","","복식부기","예산세출","18360000","117282000","76940000","18000000","107735000","266374000","0","5000000"
"서울특별시교육청","서울특별시강서양천교육지원청","서울특별시 강서구","S010001021","서울등촌초등학교","02","공립","N","","복식부기","예산세출","17670000","81055000","125721000","123928000","59550000","348706000","0","0"
"서울특별시교육청","서울특별시강서양천교육지원청","서울특별시 강서구","S010001022","서울등현초등학교","02","공립","N","","복식부기","예산세출","25614000","137855000","139450000","15500000","63483000","316869000","0","4017000"
"서울특별시교육청","서울특별시강서양천교육지원청","서울특별시 양천구","S010001023","서울목동초등학교","02","공립","N","","복식부기","예산세출","22930000","236784000","211707000","30996000","82695000","411942000","3000000","0"
"서울특별시교육청","서울특별시강서양천교육지원청","서울특별시 양천구","S010001024","서울목원초등학교","02","공립","N","","복식부기","예산세출","16065000","133207000","110702000","184400000","50451000","273696000","0","1452000"
"서울특별시교육청","서울특별시강서양천교육지원청","서울특별시 강서구","S010001025","서울발산초등학교","02","공립","N","","복식부기","예산세출","24125000","68746000","190375000","153684000","90589000","422522000","0","0"
"서울특별시교육청","서울특별시강서양천교육지원청","서울특별시 강서구","S010001026","서울방화초등학교","02","공립","N","","복식부기","예산세출","19400000","111808000","121862000","18650000","96699000","366319000","0","0"
"서울특별시교육청","서울특별시강서양천교육지원청","서울특별시 강서구","S010001027","서울백석초등학교","02","공립","N","","복식부기","예산세출","23968000","126849000","136103000","15760000","99797000","320065000","0","0"
"서울특별시교육청","서울특별시강서양천교육지원청","서울특별시 강서구","S010001028","서울삼정초등학교","02","공립","N","","복식부기","예산세출","9190000","141324000","74722000","19270000","92105000","266705000","0","2000000"
"서울특별시교육청","서울특별시강서양천교육지원청","서울특별시 양천구","S010001029","서울서정초등학교","02","공립","N","","복식부기","예산세출","11210000","125418000","162900000","331370000","109608000","337068000","0","2000000"
"서울특별시교육청","서울특별시강서양천교육지원청","서울특별시 강서구","S010001030","서울송정초등학교","02","공립","N","","복식부기","예산세출","38230000","93082000","120210000","26080000","136514000","377947000","2000000","0"
"서울특별시교육청","서울특별시강서양천교육지원청","서울특별시 강서구","S010001031","서울송화초등학교","02","공립","N","","복식부기","예산세출","31230000","218780000","228300000","495292000","80971000","433670000","0","10000"
"서울특별시교육청","서울특별시강서양천교육지원청","서울특별시 양천구","S010001032","서울신강초등학교","02","공립","N","","복식부기","예산세출","13480000","104279000","78040000","10800000","50305000","345877000","0","0"
"서울특별시교육청","서울특별시강서양천교육지원청","서울특별시 강서구","S010001033","서울신곡초등학교","02","공립","N","","복식부기","예산세출","17860000","139435000","158441000","153048000","136637000","317430000","0","0"
"서울특별시교육청","서울특별시강서양천교육지원청","서울특별시 양천구","S010001034","서울신남초등학교","02","공립","N","","복식부기","예산세출","28580000","218232000","255300000","109392000","64931000","309250000","0","0"
"서울특별시교육청","서울특별시강서양천교육지원청","서울특별시 양천구","S010001035","서울신목초등학교","02","공립","N","","복식부기","예산세출","14650000","122871000","178200000","23080000","75094000","327634000","0","0"
"서울특별시교육청","서울특별시강서양천교육지원청","서울특별시 양천구","S010001036","서울신서초등학교","02","공립","N","","복식부기","예산세출","27850000","180778000","280205000","468153000","72956000","321466000","0","0"
"서울특별시교육청","서울특별시강서양천교육지원청","서울특별시 양천구","S010001037","서울신원초등학교","02","공립","N","","복식부기","예산세출","23815000","112414000","131229000","18100000","64062000","323790000","0","0"
"서울특별시교육청","서울특별시강서양천교육지원청","서울특별시 강서구","S010001038","서울신월초등학교","02","공립","N","","복식부기","예산세출","26470000","213874000","120295000","313775000","74258000","370854000","0","0"
"서울특별시교육청","서울특별시강서양천교육지원청","서울특별시 강서구","S010001039","서울신정초등학교","02","공립","N","","복식부기","예산세출","31490000","289759000","260270000","568000000","94416000","550722000","100000000","0"
"서울특별시교육청","서울특별시강서양천교육지원청","서울특별시 양천구","S010001040","서울양강초등학교","02","공립","N","","복식부기","예산세출","18460000","149455000","139070000","155880000","65753000","313757000","0","0"
"서울특별시교육청","서울특별시강서양천교육지원청","서울특별시 양천구","S010001041","서울양동초등학교","02","공립","N","","복식부기","예산세출","21360000","196735000","109880000","17500000","95427000","315075000","0","100000"
"서울특별시교육청","서울특별시강서양천교육지원청","서울특별시 양천구","S010001042","서울양명초등학교","02","공립","N","","복식부기","예산세출","20520000","168778000","143335000","94384000","118990000","281768000","0","1000000"
"서울특별시교육청","서울특별시강서양천교육지원청","서울특별시 양천구","S010001043","서울양목초등학교","02","공립","N","","복식부기","예산세출","18770000","217705000","185441000","219009000","61532000","362229000","0","500000"
"서울특별시교육청","서울특별시강서양천교육지원청","서울특별시 양천구","S010001044","서울양원초등학교","02","공립","N","","복식부기","예산세출","23680000","116579000","82240000","109972000","88373000","290619000","0","0"
"서울특별시교육청","서울특별시강서양천교육지원청","서울특별시 강서구","S010001045","서울양천초등학교","02","공립","N","","복식부기","예산세출","14750000","123824000","109614000","162892000","93223000","282551000","0","0"
"서울특별시교육청","서울특별시강서양천교육지원청","서울특별시 양천구","S010001046","서울양화초등학교","02","공립","N","","복식부기","예산세출","17710000","150536000","137256000","341700000","112597000","377302000","0","0"
"서울특별시교육청","서울특별시강서양천교육지원청","서울특별시 강서구","S010001048","서울염동초등학교","02","공립","N","","복식부기","예산세출","15710000","66606000","183566000","122750000","123977000","335021000","0","0"
"서울특별시교육청","서울특별시강서양천교육지원청","서울특별시 강서구","S010001049","서울염창초등학교","02","공립","N","","복식부기","예산세출","20500000","132004000","170807000","21483000","122830000","387057000","0","1000000"
"서울특별시교육청","서울특별시강서양천교육지원청","서울특별시 양천구","S010001050","서울영도초등학교","02","공립","N","","복식부기","예산세출","20840000","195141000","197410000","23534000","101738000","407299000","0","0"
"서울특별시교육청","서울특별시강서양천교육지원청","서울특별시 강서구","S010001051","서울우장초등학교","02","공립","N","","복식부기","예산세출","17590000","189323000","199886000","303830000","115956000","397659000","0","500000"
"서울특별시교육청","서울특별시강서양천교육지원청","서울특별시 강서구","S010001052","서울월정초등학교","02","공립","N","","복식부기","예산세출","22685000","182167000","196884000","19475000","86469000","416091000","0","0"
"서울특별시교육청","서울특별시강서양천교육지원청","서울특별시 양천구","S010001053","서울월촌초등학교","02","공립","N","","복식부기","예산세출","33420000","225621000","206310000","302590000","53918000","346060000","0","5000000"
"서울특별시교육청","서울특별시강서양천교육지원청","서울특별시 양천구","S010001054","서울은정초등학교","02","공립","N","","복식부기","예산세출","14824000","140768000","99729000","38062000","97559000","284293000","0","20000000"
"서울특별시교육청","서울특별시강서양천교육지원청","서울특별시 강서구","S010001055","서울정곡초등학교","02","공립","N","","복식부기","예산세출","26520000","116281000","92730000","15533000","82685000","291537000","0","5000000"
"서울특별시교육청","서울특별시강서양천교육지원청","서울특별시 양천구","S010001056","서울정목초등학교","02","공립","N","","복식부기","예산세출","30170000","216311000","180261000","474297000","102095000","448452000","10000000","5000000"
"서울특별시교육청","서울특별시강서양천교육지원청","서울특별시 양천구","S010001057","서울지향초등학교","02","공립","N","","복식부기","예산세출","21550000","106285000","144180000","20750000","114894000","350743000","0","10000000"
"서울특별시교육청","서울특별시강서양천교육지원청","서울특별시 강서구","S010001058","서울치현초등학교","02","공립","N","","복식부기","예산세출","23540000","171389000","104470000","98337000","110893000","324377000","0","10000000"
"서울특별시교육청","서울특별시강서양천교육지원청","서울특별시 강서구","S010001059","서울탑산초등학교","02","공립","N","","복식부기","예산세출","35291000","125274000","108718000","276251000","69928000","319633000","0","0"
"서울특별시교육청","서울특별시강서양천교육지원청","서울특별시 강서구","S010001060","서울화곡초등학교","02","공립","N","","복식부기","예산세출","20610000","202271000","164260000","112240000","82668000","384136000","0","1000000"
"서울특별시교육청","서울특별시남부교육지원청","서울특별시 금천구","S010001198","서울가산초등학교","02","공립","N","","복식부기","예산세출","16920000","145895000","85733000","16300000","42872000","298389000","0","1000"
"서울특별시교육청","서울특별시남부교육지원청","서울특별시 구로구","S010001199","서울개명초등학교","02","공립","N","","복식부기","예산세출","22018000","65289000","107675000","17480000","51804000","320507000","0","0"
"서울특별시교육청","서울특별시남부교육지원청","서울특별시 구로구","S010001200","서울개봉초등학교","02","공립","N","","복식부기","예산세출","26110000","120561000","166918000","47940000","71290000","433259000","0","0"
"서울특별시교육청","서울특별시남부교육지원청","서울특별시 구로구","S010001201","서울개웅초등학교","02","공립","N","","복식부기","예산세출","15910000","491106000","162752000","92810000","63399000","270109000","0","0"
"서울특별시교육청","서울특별시남부교육지원청","서울특별시 구로구","S010001202","서울고산초등학교","02","공립","N","","복식부기","예산세출","22830000","133894000","130431000","147454000","46817000","347362000","0","0"
"서울특별시교육청","서울특별시남부교육지원청","서울특별시 구로구","S010001203","서울고척초등학교","02","공립","N","","복식부기","예산세출","22450000","148109000","167250000","148668000","121813000","214237000","0","0"
"서울특별시교육청","서울특별시남부교육지원청","서울특별시 구로구","S010001204","서울구로남초등학교","02","공립","N","","복식부기","예산세출","18100000","87264000","138360000","31398000","63884000","579384000","0","0"
"서울특별시교육청","서울특별시남부교육지원청","서울특별시 구로구","S010001205","서울구로초등학교","02","공립","N","","복식부기","예산세출","24044000","148333000","132549000","219440000","51025000","331762000","0","0"
"서울특별시교육청","서울특별시남부교육지원청","서울특별시 구로구","S010001206","서울구일초등학교","02","공립","N","","복식부기","예산세출","25123000","123436000","192291000","23144000","75517000","382163000","0","50000"
"서울특별시교육청","서울특별시남부교육지원청","서울특별시 금천구","S010001207","서울금산초등학교","02","공립","N","","복식부기","예산세출","14540000","99410000","101455000","38092000","32984000","284937000","0","0"
"서울특별시교육청","서울특별시남부교육지원청","서울특별시 금천구","S010001208","서울금천초등학교","02","공립","N","","복식부기","예산세출","16500000","113533000","136182000","51704000","60430000","294832000","0","0"
"서울특별시교육청","서울특별시남부교육지원청","서울특별시 영등포구","S010001209","서울당산초등학교","02","공립","N","","복식부기","예산세출","15380000","138200000","95634000","198511000","90239000","314678000","0","100000"
"서울특별시교육청","서울특별시남부교육지원청","서울특별시 영등포구","S010001210","서울당서초등학교","02","공립","N","","복식부기","예산세출","23790000","125954000","177100000","24900000","76336000","381414000","0","0"
"서울특별시교육청","서울특별시남부교육지원청","서울특별시 영등포구","S010001211","서울당중초등학교","02","공립","N","","복식부기","예산세출","23811000","136283000","135381000","366580000","71929000","286409000","0","0"
"서울특별시교육청","서울특별시남부교육지원청","서울특별시 영등포구","S010001212","서울대길초등학교","02","공립","N","","복식부기","예산세출","13630000","169105000","96540000","152838000","64771000","352201000","0","5000000"
"서울특별시교육청","서울특별시남부교육지원청","서울특별시 영등포구","S010001213","서울대동초등학교","02","공립","N","","복식부기","예산세출","26195000","181511000","98380000","469083000","53945000","341173000","0","0"
"서울특별시교육청","서울특별시남부교육지원청","서울특별시 영등포구","S010001214","서울대방초등학교","02","공립","N","","복식부기","예산세출","22286000","174954000","307700000","836100000","144449000","329162000","0","0"
"서울특별시교육청","서울특별시남부교육지원청","서울특별시 영등포구","S010001215","서울대영초등학교","02","공립","N","","복식부기","예산세출","29106000","188631000","179826000","689772000","152164000","343895000","0","0"
"서울특별시교육청","서울특별시남부교육지원청","서울특별시 구로구","S010001216","서울덕의초등학교","02","공립","N","","복식부기","예산세출","26950000","142645000","133684000","160725000","72012000","414000000","0","1000000"
"서울특별시교육청","서울특별시남부교육지원청","서울특별시 영등포구","S010001217","서울도림초등학교","02","공립","N","","복식부기","예산세출","21730000","170566000","140680000","18550000","43932000","420155000","0","0"
"서울특별시교육청","서울특별시남부교육지원청","서울특별시 영등포구","S010001218","서울도신초등학교","02","공립","N","","복식부기","예산세출","18100000","101170000","103579000","15980000","64065000","305597000","0","300000"
"서울특별시교육청","서울특별시남부교육지원청","서울특별시 금천구","S010001219","서울독산초등학교","02","공립","N","","복식부기","예산세출","16240000","103392000","111600000","166600000","116195000","331077000","0","0"
"서울특별시교육청","서울특별시남부교육지원청","서울특별시 구로구","S010001220","서울동구로초등학교","02","공립","N","","복식부기","예산세출","15290000","144695000","110900000","52260000","63417000","353278000","0","0"
"서울특별시교육청","서울특별시남부교육지원청","서울특별시 금천구","S010001221","서울두산초등학교","02","공립","N","","복식부기","예산세출","28240000","111258000","141529000","26790000","71619000","309138000","0","0"
"서울특별시교육청","서울특별시남부교육지원청","서울특별시 구로구","S010001222","서울매봉초등학교","02","공립","N","","복식부기","예산세출","14700000","102347000","92940000","19582000","59472000","280867000","0","5000000"
"서울특별시교육청","서울특별시남부교육지원청","서울특별시 금천구","S010001223","서울문교초등학교","02","공립","N","","복식부기","예산세출","13751000","87222000","97340000","13400000","66358000","292761000","0","0"
"서울특별시교육청","서울특별시남부교육지원청","서울특별시 영등포구","S010001224","서울문래초등학교","02","공립","N","","복식부기","예산세출","17640000","173868000","171170000","318535000","138713000","385929000","0","5000000"
"서울특별시교육청","서울특별시남부교육지원청","서울특별시 금천구","S010001225","서울문백초등학교","02","공립","N","","복식부기","예산세출","16314000","82915000","126920000","330030000","96901000","417564000","0","0"
"서울특별시교육청","서울특별시남부교육지원청","서울특별시 금천구","S010001226","서울문성초등학교","02","공립","N","","복식부기","예산세출","14740000","101236000","115950000","20794000","68714000","330056000","0","0"
"서울특별시교육청","서울특별시남부교육지원청","서울특별시 구로구","S010001227","서울미래초등학교","02","공립","N","","복식부기","예산세출","23910000","80024000","130040000","18910000","54659000","316756000","0","0"
"서울특별시교육청","서울특별시남부교육지원청","서울특별시 금천구","S010001228","서울백산초등학교","02","공립","N","","복식부기","예산세출","15250000","146225000","100096000","78156000","90277000","341933000","4000000","0"
"서울특별시교육청","서울특별시남부교육지원청","서울특별시 구로구","S010001229","서울세곡초등학교","02","공립","N","","복식부기","예산세출","22160000","140567000","124914000","54830000","54215000","375334000","0","0"
"서울특별시교육청","서울특별시남부교육지원청","서울특별시 금천구","S010001230","서울시흥초등학교","02","공립","N","","복식부기","예산세출","26520000","159314000","140837000","144100000","98280000","368035000","0","500000"
"서울특별시교육청","서울특별시남부교육지원청","서울특별시 구로구","S010001231","서울신구로초등학교","02","공립","N","","복식부기","예산세출","16645000","173644000","138876000","17600000","50365000","336018000","0","0"
"서울특별시교육청","서울특별시남부교육지원청","서울특별시 영등포구","S010001232","서울신대림초등학교","02","공립","N","","복식부기","예산세출","19153000","73814000","114530000","24500000","51514000","321014000","0","0"
"서울특별시교육청","서울특별시남부교육지원청","서울특별시 구로구","S010001233","서울신도림초등학교","02","공립","N","","복식부기","예산세출","21990000","100490000","183550000","21300000","86983000","404469000","0","0"
"서울특별시교육청","서울특별시남부교육지원청","서울특별시 구로구","S010001234","서울신미림초등학교","02","공립","N","","복식부기","예산세출","19496000","179005000","186750000","436660000","54549000","407664000","0","0"
"서울특별시교육청","서울특별시남부교육지원청","서울특별시 영등포구","S010001235","서울신영초등학교","02","공립","N","","복식부기","예산세출","18040000","109268000","107087000","17350000","110921000","321195000","0","0"
"서울특별시교육청","서울특별시남부교육지원청","서울특별시 금천구","S010001236","서울신흥초등학교","02","공립","N","","복식부기","예산세출","17910000","111765000","127738000","14730000","93194000","406372000","0","0"
"서울특별시교육청","서울특별시남부교육지원청","서울특별시 금천구","S010001237","서울안천초등학교","02","공립","N","","복식부기","예산세출","14000000","93684000","113810000","12786000","55837000","294826000","0","0"
"서울특별시교육청","서울특별시남부교육지원청","서울특별시 영등포구","S010001238","서울여의도초등학교","02","공립","N","","복식부기","예산세출","22834000","99537000","176122000","18369000","69499000","365410000","0","0"
"서울특별시교육청","서울특별시남부교육지원청","서울특별시 금천구","S010001239","서울영남초등학교","02","공립","N","","복식부기","예산세출","15865000","80685000","101700000","9700000","49463000","326104000","0","0"
"서울특별시교육청","서울특별시남부교육지원청","서울특별시 영등포구","S010001240","서울영동초등학교","02","공립","N","","복식부기","예산세출","19089000","135258000","125060000","75458000","69489000","269100000","0","0"
"서울특별시교육청","서울특별시남부교육지원청","서울특별시 영등포구","S010001241","서울영등포초등학교","02","공립","N","","복식부기","예산세출","17910000","115158000","99062000","151742000","100382000","362305000","0","1000000"
"서울특별시교육청","서울특별시남부교육지원청","서울특별시 영등포구","S010001242","서울영림초등학교","02","공립","N","","복식부기","예산세출","25251000","50016000","86924000","62438000","104081000","299261000","0","20000"
"서울특별시교육청","서울특별시남부교육지원청","서울특별시 구로구","S010001243","서울영서초등학교","02","공립","N","","복식부기","예산세출","18440000","79202000","229984000","413981000","39804000","377164000","0","20000000"
"서울특별시교육청","서울특별시남부교육지원청","서울특별시 영등포구","S010001244","서울영신초등학교","02","공립","N","","복식부기","예산세출","17510000","204274000","172772000","44230000","178287000","360362000","100000","0"
"서울특별시교육청","서울특별시남부교육지원청","서울특별시 영등포구","S010001245","서울영원초등학교","02","공립","N","","복식부기","예산세출","18040000","162429000","135185000","55665000","59607000","304683000","0","130000"
"서울특별시교육청","서울특별시남부교육지원청","서울특별시 구로구","S010001246","서울영일초등학교","02","공립","N","","복식부기","예산세출","12830000","83082000","136305000","22340000","77426000","342107000","0","0"
"서울특별시교육청","서울특별시남부교육지원청","서울특별시 영등포구","S010001247","서울영중초등학교","02","공립","N","","복식부기","예산세출","20100000","72284000","114150000","21720000","72328000","407383000","0","0"
"서울특별시교육청","서울특별시남부교육지원청","서울특별시 구로구","S010001248","서울오류남초등학교","02","공립","N","","복식부기","예산세출","18690000","208093000","145680000","99800000","52369000","356156000","0","10000000"
"서울특별시교육청","서울특별시남부교육지원청","서울특별시 구로구","S010001249","서울오류초등학교","02","공립","N","","복식부기","예산세출","18770000","149503000","134599000","266550000","69111000","432356000","0","0"
"서울특별시교육청","서울특별시남부교육지원청","서울특별시 구로구","S010001250","서울오정초등학교","02","공립","N","","복식부기","예산세출","14290000","87400000","99930000","17110000","142207000","243294000","0","1000"
"서울특별시교육청","서울특별시남부교육지원청","서울특별시 구로구","S010001251","서울온수초등학교","02","공립","N","","복식부기","예산세출","11700000","124100000","153400000","200560000","129157000","396099000","0","0"
"서울특별시교육청","서울특별시남부교육지원청","서울특별시 영등포구","S010001252","서울우신초등학교","02","공립","N","","복식부기","예산세출","22145000","143796000","120440000","17951000","59816000","338105000","0","5000000"
"서울특별시교육청","서울특별시남부교육지원청","서울특별시 영등포구","S010001253","서울윤중초등학교","02","공립","N","","복식부기","예산세출","13210000","61126000","166680000","13400000","108809000","356083000","0","1000"
"서울특별시교육청","서울특별시남부교육지원청","서울특별시 금천구","S010001254","서울정심초등학교","02","공립","N","","복식부기","예산세출","15800000","118857000","138875000","96660000","38400000","337256000","0","0"
"서울특별시교육청","서울특별시남부교육지원청","서울특별시 금천구","S010001255","서울탑동초등학교","02","공립","N","","복식부기","예산세출","16500000","177678000","133843000","23500000","100338000","314739000","0","0"
"서울특별시교육청","서울특별시동부교육지원청","서울특별시 동대문구","S010001397","서울군자초등학교","02","공립","N","","복식부기","예산세출","11390000","81176000","101724000","13400000","105137000","359913000","0","0"
"서울특별시교육청","서울특별시동부교육지원청","서울특별시 동대문구","S010001398","서울답십리초등학교","02","공립","N","","복식부기","예산세출","27590000","180822000","180313000","23250000","165203000","387087000","0","0"
"서울특별시교육청","서울특별시동부교육지원청","서울특별시 동대문구","S010001399","서울동답초등학교","02","공립","N","","복식부기","예산세출","18960000","146183000","96370000","318260000","103609000","326238000","0","0"
"서울특별시교육청","서울특별시동부교육지원청","서울특별시 중랑구","S010001400","서울동원초등학교","02","공립","N","","복식부기","예산세출","19490000","93550000","121616000","7900000","90963000","319356000","0","0"
"서울특별시교육청","서울특별시동부교육지원청","서울특별시 중랑구","S010001401","서울망우초등학교","02","공립","N","","복식부기","예산세출","20383000","121436000","101590000","123400000","120987000","247434000","0","100000"
"서울특별시교육청","서울특별시동부교육지원청","서울특별시 중랑구","S010001402","서울면남초등학교","02","공립","N","","복식부기","예산세출","18495000","138977000","116040000","15300000","119103000","315642000","0","0"
"서울특별시교육청","서울특별시동부교육지원청","서울특별시 중랑구","S010001403","서울면동초등학교","02","공립","N","","복식부기","예산세출","23540000","282448000","221140000","17583000","155794000","327479000","0","2000000"
"서울특별시교육청","서울특별시동부교육지원청","서울특별시 중랑구","S010001404","서울면목초등학교","02","공립","N","","복식부기","예산세출","28885000","106990000","131925000","24927000","135711000","337607000","0","100000"
"서울특별시교육청","서울특별시동부교육지원청","서울특별시 중랑구","S010001405","서울면북초등학교","02","공립","N","","복식부기","예산세출","17640000","102258000","71450000","10160000","89240000","277375000","0","1000000"
"서울특별시교육청","서울특별시동부교육지원청","서울특별시 중랑구","S010001406","서울면일초등학교","02","공립","N","","복식부기","예산세출","25710000","187757000","144482000","26940000","79186000","507925000","100000000","1000000"
"서울특별시교육청","서울특별시동부교육지원청","서울특별시 중랑구","S010001408","서울묵동초등학교","02","공립","N","","복식부기","예산세출","31060000","168951000","147420000","29480000","54546000","325211000","0","10000000"
"서울특별시교육청","서울특별시동부교육지원청","서울특별시 동대문구","S010001409","서울배봉초등학교","02","공립","N","","복식부기","예산세출","30660000","128367000","139917000","20590000","54816000","270367000","0","1000000"
"서울특별시교육청","서울특별시동부교육지원청","서울특별시 중랑구","S010001410","서울봉화초등학교","02","공립","N","","복식부기","예산세출","20920000","155659000","112697000","32850000","58678000","304005000","0","0"
"서울특별시교육청","서울특별시동부교육지원청","서울특별시 중랑구","S010001411","서울상봉초등학교","02","공립","N","","복식부기","예산세출","22380000","175058000","130520000","230200000","134871000","330945000","0","0"
"서울특별시교육청","서울특별시동부교육지원청","서울특별시 중랑구","S010001412","서울신내초등학교","02","공립","N","","복식부기","예산세출","24156000","142116000","138236000","17355000","64478000","338344000","0","3300000"
"서울특별시교육청","서울특별시동부교육지원청","서울특별시 동대문구","S010001413","서울신답초등학교","02","공립","N","","복식부기","예산세출","18010000","84274000","147503000","21737000","60524000","319271000","0","0"
"서울특별시교육청","서울특별시동부교육지원청","서울특별시 중랑구","S010001414","서울신묵초등학교","02","공립","N","","복식부기","예산세출","23080000","146925000","119050000","15300000","116278000","263043000","0","3000000"
"서울특별시교육청","서울특별시동부교육지원청","서울특별시 중랑구","S010001415","서울신현초등학교","02","공립","N","","복식부기","예산세출","14690000","190002000","123790000","45696000","102954000","298960000","0","0"
"서울특별시교육청","서울특별시동부교육지원청","서울특별시 동대문구","S010001416","서울안평초등학교","02","공립","N","","복식부기","예산세출","31420000","121425000","199735000","11760000","79068000","357950000","0","5000000"
"서울특별시교육청","서울특별시동부교육지원청","서울특별시 동대문구","S010001417","서울용두초등학교","02","공립","N","","복식부기","예산세출","20773000","111446000","91743000","26250000","89695000","333233000","0","0"
"서울특별시교육청","서울특별시동부교육지원청","서울특별시 중랑구","S010001418","서울원묵초등학교","02","공립","N","","복식부기","예산세출","14650000","185360000","190374000","23716000","130886000","425642000","0","0"
"서울특별시교육청","서울특별시동부교육지원청","서울특별시 동대문구","S010001419","서울이문초등학교","02","공립","N","","복식부기","예산세출","15270000","82623000","151558000","25220000","159063000","385207000","0","0"
"서울특별시교육청","서울특별시동부교육지원청","서울특별시 동대문구","S010001420","서울장평초등학교","02","공립","N","","복식부기","예산세출","23690000","119444000","191253000","22700000","73557000","412191000","0","0"
"서울특별시교육청","서울특별시동부교육지원청","서울특별시 동대문구","S010001421","서울전곡초등학교","02","공립","N","","복식부기","예산세출","17150000","126864000","120595000","203870000","465505000","502349000","125000000","0"
"서울특별시교육청","서울특별시동부교육지원청","서울특별시 동대문구","S010001422","서울전농초등학교","02","공립","N","","복식부기","예산세출","35510000","155780000","174250000","19900000","109838000","336666000","0","0"
"서울특별시교육청","서울특별시동부교육지원청","서울특별시 동대문구","S010001423","서울전동초등학교","02","공립","N","","복식부기","예산세출","19624000","100559000","150320000","23900000","73628000","292432000","0","5000000"
"서울특별시교육청","서울특별시동부교육지원청","서울특별시 동대문구","S010001424","서울종암초등학교","02","공립","N","","복식부기","예산세출","23930000","148886000","114420000","52060000","69754000","332932000","0","0"
"서울특별시교육청","서울특별시동부교육지원청","서울특별시 중랑구","S010001425","서울중곡초등학교","02","공립","N","","복식부기","예산세출","24960000","81351000","202710000","36550000","116098000","723379000","116000000","10000000"
"서울특별시교육청","서울특별시동부교육지원청","서울특별시 중랑구","S010001426","서울중랑초등학교","02","공립","N","","복식부기","예산세출","31480000","164283000","145470000","147200000","124553000","391684000","0","500000"
"서울특별시교육청","서울특별시동부교육지원청","서울특별시 중랑구","S010001427","서울중목초등학교","02","공립","N","","복식부기","예산세출","19610000","143725000","118365000","193300000","82456000","365086000","0","0"
"서울특별시교육청","서울특별시동부교육지원청","서울특별시 중랑구","S010001428","서울중화초등학교","02","공립","N","","복식부기","예산세출","22915000","236680000","171090000","97250000","129753000","266700000","0","0"
"서울특별시교육청","서울특별시동부교육지원청","서울특별시 중랑구","S010001429","서울중흥초등학교","02","공립","N","","복식부기","예산세출","21240000","153617000","70700000","92500000","82558000","376840000","0","0"
"서울특별시교육청","서울특별시동부교육지원청","서울특별시 동대문구","S010001430","서울청량초등학교","02","공립","N","","복식부기","예산세출","32700000","155596000","154440000","36500000","86025000","474623000","0","0"
"서울특별시교육청","서울특별시동부교육지원청","서울특별시 동대문구","S010001431","서울홍릉초등학교","02","공립","N","","복식부기","예산세출","20860000","127427000","112540000","97600000","48586000","372550000","0","0"
"서울특별시교육청","서울특별시동부교육지원청","서울특별시 동대문구","S010001432","서울홍파초등학교","02","공립","N","","복식부기","예산세출","19300000","113990000","68940000","121720000","52082000","374166000","0","0"
"서울특별시교육청","서울특별시동부교육지원청","서울특별시 동대문구","S010001433","서울휘경초등학교","02","공립","N","","복식부기","예산세출","12420000","121736000","96157000","11300000","47958000","323183000","0","1000000"
"서울특별시교육청","서울특별시동작관악교육지원청","서울특별시 동작구","S010001576","서울강남초등학교","02","공립","N","","복식부기","예산세출","24420000","145559000","146840000","18800000","61085000","419645000","0","0"
"서울특별시교육청","서울특별시동작관악교육지원청","서울특별시 관악구","S010001577","서울관악초등학교","02","공립","N","","복식부기","예산세출","21075000","89312000","178319000","323882000","101027000","445428000","22233000","0"
"서울특별시교육청","서울특별시동작관악교육지원청","서울특별시 관악구","S010001578","서울구암초등학교","02","공립","N","","복식부기","예산세출","24690000","109739000","214125000","24220000","141763000","471274000","0","0"
"서울특별시교육청","서울특별시동작관악교육지원청","서울특별시 관악구","S010001579","서울난곡초등학교","02","공립","N","","복식부기","예산세출","20025000","433989000","134836000","170792000","100654000","299159000","0","0"
"서울특별시교육청","서울특별시동작관악교육지원청","서울특별시 관악구","S010001580","서울난우초등학교","02","공립","N","","복식부기","예산세출","17765000","173404000","133329000","23476000","106217000","360980000","0","5000000"
"서울특별시교육청","서울특별시동작관악교육지원청","서울특별시 관악구","S010001581","서울난향초등학교","02","공립","N","","복식부기","예산세출","22840000","106755000","170305000","26592000","73478000","510180000","93800000","0"
"서울특별시교육청","서울특별시동작관악교육지원청","서울특별시 관악구","S010001582","서울남부초등학교","02","공립","N","","복식부기","예산세출","20828000","185317000","162190000","29620000","128644000","349068000","5000000","5000000"
"서울특별시교육청","서울특별시동작관악교육지원청","서울특별시 동작구","S010001583","서울남사초등학교","02","공립","N","","복식부기","예산세출","13400000","145066000","154326000","287372000","104658000","347656000","0","0"
"서울특별시교육청","서울특별시동작관악교육지원청","서울특별시 동작구","S010001584","서울남성초등학교","02","공립","N","","복식부기","예산세출","22190000","93481000","150434000","18000000","73055000","258265000","0","0"
"서울특별시교육청","서울특별시동작관악교육지원청","서울특별시 동작구","S010001585","서울노량진초등학교","02","공립","N","","복식부기","예산세출","14790000","142672000","85403000","15831000","66469000","315495000","0","0"
"서울특별시교육청","서울특별시동작관악교육지원청","서울특별시 관악구","S010001586","서울당곡초등학교","02","공립","N","","복식부기","예산세출","29660000","200168000","162630000","400350000","61966000","350317000","0","0"
"서울특별시교육청","서울특별시동작관악교육지원청","서울특별시 동작구","S010001587","서울대림초등학교","02","공립","N","","복식부기","예산세출","21188000","178466000","152760000","295900000","118883000","414419000","0","1000"
"서울특별시교육청","서울특별시동작관악교육지원청","서울특별시 동작구","S010001588","서울동작초등학교","02","공립","N","","복식부기","예산세출","14911000","94710000","123717000","23300000","102290000","339336000","0","0"
"서울특별시교육청","서울특별시동작관악교육지원청","서울특별시 동작구","S010001589","서울문창초등학교","02","공립","N","","복식부기","예산세출","13570000","94506000","110497000","14129000","79364000","407270000","0","0"
"서울특별시교육청","서울특별시동작관악교육지원청","서울특별시 관악구","S010001590","서울미성초등학교","02","공립","N","","복식부기","예산세출","23330000","162452000","112540000","465539000","58551000","379550000","0","1000000"
"서울특별시교육청","서울특별시동작관악교육지원청","서울특별시 동작구","S010001591","서울본동초등학교","02","공립","N","","복식부기","예산세출","13940000","105049000","85632000","67639000","58931000","268520000","0","1000000"
"서울특별시교육청","서울특별시동작관악교육지원청","서울특별시 관악구","S010001592","서울봉천초등학교","02","공립","N","","복식부기","예산세출","20980000","183107000","149860000","84220000","126549000","339246000","0","0"
"서울특별시교육청","서울특별시동작관악교육지원청","서울특별시 관악구","S010001593","서울사당초등학교","02","공립","N","","복식부기","예산세출","23000000","171091000","138175000","21580000","94591000","324739000","0","0"
"서울특별시교육청","서울특별시동작관악교육지원청","서울특별시 관악구","S010001594","서울삼성초등학교","02","공립","N","","복식부기","예산세출","13820000","195226000","111795000","244580000","78457000","335532000","0","5000000"
"서울특별시교육청","서울특별시동작관악교육지원청","서울특별시 동작구","S010001595","서울상도초등학교","02","공립","N","","복식부기","예산세출","23140000","193380000","179183000","19475000","104326000","262953000","0","0"
"서울특별시교육청","서울특별시동작관악교육지원청","서울특별시 동작구","S010001596","서울신길초등학교","02","공립","N","","복식부기","예산세출","19430000","192427000","134130000","541192000","125544000","384453000","0","0"
"서울특별시교육청","서울특별시동작관악교육지원청","서울특별시 동작구","S010001597","서울신남성초등학교","02","공립","N","","복식부기","예산세출","25820000","114989000","151770000","57724000","82237000","300842000","0","0"
"서울특별시교육청","서울특별시동작관악교육지원청","서울특별시 관악구","S010001598","서울신림초등학교","02","공립","N","","복식부기","예산세출","20800000","98700000","117400000","32100000","51000000","368416000","0","0"
"서울특별시교육청","서울특별시동작관악교육지원청","서울특별시 관악구","S010001599","서울신봉초등학교","02","공립","N","","복식부기","예산세출","18560000","137314000","103530000","167293000","114488000","295582000","0","0"
"서울특별시교육청","서울특별시동작관악교육지원청","서울특별시 동작구","S010001600","서울신상도초등학교","02","공립","N","","복식부기","예산세출","31725000","199007000","317726000","705780000","99774000","448143000","0","0"
"서울특별시교육청","서울특별시동작관악교육지원청","서울특별시 관악구","S010001601","서울신성초등학교","02","공립","N","","복식부기","예산세출","16650000","109835000","105880000","17500000","136205000","382647000","0","0"
"서울특별시교육청","서울특별시동작관악교육지원청","서울특별시 관악구","S010001602","서울신우초등학교","02","공립","N","","복식부기","예산세출","15690000","254005000","96881000","17052000","67522000","336159000","200000","0"
"서울특별시교육청","서울특별시동작관악교육지원청","서울특별시 동작구","S010001603","서울영본초등학교","02","공립","N","","복식부기","예산세출","16290000","151666000","137500000","224643000","61087000","344081000","0","0"
"서울특별시교육청","서울특별시동작관악교육지원청","서울특별시 동작구","S010001604","서울영화초등학교","02","공립","N","","복식부기","예산세출","14990000","126555000","144195000","183050000","135064000","311032000","0","0"
"서울특별시교육청","서울특별시동작관악교육지원청","서울특별시 관악구","S010001605","서울원당초등학교","02","공립","N","","복식부기","예산세출","16830000","178893000","87300000","13100000","89620000","267255000","0","0"
"서울특별시교육청","서울특별시동작관악교육지원청","서울특별시 관악구","S010001606","서울원신초등학교","02","공립","N","","복식부기","예산세출","15100000","132368000","94421000","40499000","52778000","282923000","0","0"
"서울특별시교육청","서울특별시동작관악교육지원청","서울특별시 동작구","S010001607","서울은로초등학교","02","공립","N","","복식부기","예산세출","21780000","139186000","189430000","220200000","89280000","320971000","0","0"
"서울특별시교육청","서울특별시동작관악교육지원청","서울특별시 관악구","S010001608","서울은천초등학교","02","공립","N","","복식부기","예산세출","42090000","200727000","200134000","21400000","93979000","276691000","0","0"
"서울특별시교육청","서울특별시동작관악교육지원청","서울특별시 관악구","S010001609","서울인헌초등학교","02","공립","N","","복식부기","예산세출","26900000","211330000","147440000","684758000","72201000","388958000","0","0"
"서울특별시교육청","서울특별시동작관악교육지원청","서울특별시 관악구","S010001610","서울청룡초등학교","02","공립","N","","복식부기","예산세출","18840000","126232000","96740000","266470000","51032000","351239000","0","0"
"서울특별시교육청","서울특별시동작관악교육지원청","서울특별시 동작구","S010001611","서울행림초등학교","02","공립","N","","복식부기","예산세출","18656000","210004000","55624000","73709000","82202000","299986000","0","0"
"서울특별시교육청","서울특별시동작관악교육지원청","서울특별시 동작구","S010001612","서울흑석초등학교","02","공립","N","","복식부기","예산세출","16750000","121375000","82960000","297400000","75302000","388115000","0","0"
"서울특별시교육청","서울특별시북부교육지원청","서울특별시 노원구","S010001735","서울계상초등학교","02","공립","N","","복식부기","예산세출","18930000","166100000","116260000","95952000","56128000","331290000","0","10000000"
"서울특별시교육청","서울특별시북부교육지원청","서울특별시 노원구","S010001736","서울공릉초등학교","02","공립","N","","복식부기","예산세출","15190000","126111000","128273000","31140000","44231000","288443000","0","0"
"서울특별시교육청","서울특별시북부교육지원청","서울특별시 노원구","S010001737","서울공연초등학교","02","공립","N","","복식부기","예산세출","12270000","102605000","129080000","221000000","153511000","377004000","0","100000"
"서울특별시교육청","서울특별시북부교육지원청","서울특별시 노원구","S010001738","서울노원초등학교","02","공립","N","","복식부기","예산세출","13140000","89895000","87200000","17012000","113255000","301248000","0","0"
"서울특별시교육청","서울특별시북부교육지원청","서울특별시 노원구","S010001739","서울노일초등학교","02","공립","N","","복식부기","예산세출","15970000","132144000","107780000","21065000","53749000","315948000","0","0"
"서울특별시교육청","서울특별시북부교육지원청","서울특별시 노원구","S010001740","서울녹천초등학교","02","공립","N","","복식부기","예산세출","16924000","107259000","82965000","17850000","55466000","265028000","0","0"
"서울특별시교육청","서울특별시북부교육지원청","서울특별시 도봉구","S010001741","서울누원초등학교","02","공립","N","","복식부기","예산세출","21740000","149517000","170115000","27990000","107155000","295103000","0","0"
"서울특별시교육청","서울특별시북부교육지원청","서울특별시 노원구","S010001742","서울당현초등학교","02","공립","N","","복식부기","예산세출","23920000","151567000","135955000","223400000","74503000","316015000","0","0"
"서울특별시교육청","서울특별시북부교육지원청","서울특별시 도봉구","S010001743","서울도봉초등학교","02","공립","N","","복식부기","예산세출","20090000","98501000","106210000","127600000","88137000","334807000","0","0"
"서울특별시교육청","서울특별시북부교육지원청","서울특별시 노원구","S010001744","서울동일초등학교","02","공립","N","","복식부기","예산세출","21060000","631790000","144650000","76000000","59380000","327285000","0","0"
"서울특별시교육청","서울특별시북부교육지원청","서울특별시 도봉구","S010001745","서울방학초등학교","02","공립","N","","복식부기","예산세출","24162000","505404000","139086000","29001000","65472000","305899000","0","0"
"서울특별시교육청","서울특별시북부교육지원청","서울특별시 도봉구","S010001746","서울백운초등학교","02","공립","N","","복식부기","예산세출","23810000","164184000","153310000","23945000","75622000","452926000","0","0"
"서울특별시교육청","서울특별시북부교육지원청","서울특별시 노원구","S010001747","서울불암초등학교","02","공립","N","","복식부기","예산세출","18190000","110347000","155540000","17244000","50583000","352296000","0","1000"
"서울특별시교육청","서울특별시북부교육지원청","서울특별시 노원구","S010001748","서울상경초등학교","02","공립","N","","복식부기","예산세출","18960000","95850000","154630000","20892000","62132000","330436000","0","0"
"서울특별시교육청","서울특별시북부교육지원청","서울특별시 노원구","S010001749","서울상계초등학교","02","공립","N","","복식부기","예산세출","17370000","84146000","157946000","99726000","67401000","214843000","0","0"
"서울특별시교육청","서울특별시북부교육지원청","서울특별시 노원구","S010001750","서울상곡초등학교","02","공립","N","","복식부기","예산세출","25870000","144871000","130740000","31900000","78654000","282321000","0","0"
"서울특별시교육청","서울특별시북부교육지원청","서울특별시 노원구","S010001751","서울상수초등학교","02","공립","N","","복식부기","예산세출","18015000","139013000","180640000","36060000","55479000","355833000","0","20000"
"서울특별시교육청","서울특별시북부교육지원청","서울특별시 노원구","S010001752","서울상원초등학교","02","공립","N","","복식부기","예산세출","11490000","59186000","111430000","14350000","160765000","301568000","0","0"
"서울특별시교육청","서울특별시북부교육지원청","서울특별시 노원구","S010001753","서울상월초등학교","02","공립","N","","복식부기","예산세출","18680000","251471000","94153000","81625000","58620000","297531000","0","0"
"서울특별시교육청","서울특별시북부교육지원청","서울특별시 노원구","S010001754","서울상천초등학교","02","공립","N","","복식부기","예산세출","16250000","130402000","95500000","21258000","113961000","317257000","0","0"
"서울특별시교육청","서울특별시북부교육지원청","서울특별시 노원구","S010001755","서울선곡초등학교","02","공립","N","","복식부기","예산세출","28570000","165663000","156394000","17700000","62388000","329693000","0","0"
"서울특별시교육청","서울특별시북부교육지원청","서울특별시 노원구","S010001756","서울수락초등학교","02","공립","N","","복식부기","예산세출","14960000","148048000","159375000","253495000","72450000","295253000","0","0"
"서울특별시교육청","서울특별시북부교육지원청","서울특별시 노원구","S010001757","서울수암초등학교","02","공립","N","","복식부기","예산세출","19860000","150236000","126965000","208850000","49804000","353527000","0","0"
"서울특별시교육청","서울특별시북부교육지원청","서울특별시 도봉구","S010001758","서울숭미초등학교","02","공립","N","","복식부기","예산세출","14090000","246478000","182743000","16844000","76969000","350706000","0","0"
"서울특별시교육청","서울특별시북부교육지원청","서울특별시 노원구","S010001759","서울신계초등학교","02","공립","N","","복식부기","예산세출","10480000","82308000","103400000","89050000","78667000","352673000","0","0"
"서울특별시교육청","서울특별시북부교육지원청","서울특별시 도봉구","S010001760","서울신방학초등학교","02","공립","N","","복식부기","예산세출","12560000","174994000","118589000","16880000","74481000","295448000","0","0"
"서울특별시교육청","서울특별시북부교육지원청","서울특별시 노원구","S010001761","서울신상계초등학교","02","공립","N","","복식부기","예산세출","15120000","149760000","142660000","254049000","63485000","288395000","0","0"
"서울특별시교육청","서울특별시북부교육지원청","서울특별시 도봉구","S010001762","서울신창초등학교","02","공립","N","","복식부기","예산세출","21310000","125047000","132160000","14333000","54220000","283166000","0","0"
"서울특별시교육청","서울특별시북부교육지원청","서울특별시 도봉구","S010001763","서울신학초등학교","02","공립","N","","복식부기","예산세출","22647000","125874000","143431000","174571000","58215000","301038000","0","0"
"서울특별시교육청","서울특별시북부교육지원청","서울특별시 도봉구","S010001764","서울신화초등학교","02","공립","N","","복식부기","예산세출","18265000","393017000","127598000","27642000","73913000","326741000","0","0"
"서울특별시교육청","서울특별시북부교육지원청","서울특별시 도봉구","S010001765","서울쌍문초등학교","02","공립","N","","복식부기","예산세출","19190000","116523000","159109000","21550000","121531000","262836000","0","0"
"서울특별시교육청","서울특별시북부교육지원청","서울특별시 노원구","S010001766","서울연지초등학교","02","공립","N","","복식부기","예산세출","17395000","107369000","105459000","97380000","46188000","295139000","0","0"
"서울특별시교육청","서울특별시북부교육지원청","서울특별시 노원구","S010001767","서울연촌초등학교","02","공립","N","","복식부기","예산세출","22720000","139905000","124268000","241530000","85634000","373273000","0","0"
"서울특별시교육청","서울특별시북부교육지원청","서울특별시 도봉구","S010001768","서울오봉초등학교","02","공립","N","","복식부기","예산세출","12650000","90154000","96990000","107020000","71594000","350257000","0","0"
"서울특별시교육청","서울특별시북부교육지원청","서울특별시 노원구","S010001769","서울온곡초등학교","02","공립","N","","복식부기","예산세출","22550000","156760000","145930000","18377000","70025000","264164000","0","0"
"서울특별시교육청","서울특별시북부교육지원청","서울특별시 노원구","S010001770","서울용동초등학교","02","공립","N","","복식부기","예산세출","21030000","133448000","101593000","121107000","39214000","312223000","0","0"
"서울특별시교육청","서울특별시북부교육지원청","서울특별시 노원구","S010001771","서울용원초등학교","02","공립","N","","복식부기","예산세출","19390000","107049000","128240000","19220000","84130000","333834000","0","0"
"서울특별시교육청","서울특별시북부교육지원청","서울특별시 노원구","S010001772","서울원광초등학교","02","공립","N","","복식부기","예산세출","25260000","139062000","150535000","215600000","74591000","296590000","0","1000"
"서울특별시교육청","서울특별시북부교육지원청","서울특별시 노원구","S010001773","서울월계초등학교","02","공립","N","","복식부기","예산세출","17390000","84752000","114723000","15640000","91998000","331597000","0","0"
"서울특별시교육청","서울특별시북부교육지원청","서울특별시 도봉구","S010001774","서울월천초등학교","02","공립","N","","복식부기","예산세출","21673000","113736000","148652000","177700000","109852000","334361000","0","500000"
"서울특별시교육청","서울특별시북부교육지원청","서울특별시 노원구","S010001775","서울을지초등학교","02","공립","N","","복식부기","예산세출","40340000","202905000","219745000","98856000","89169000","334191000","0","4000000"
"서울특별시교육청","서울특별시북부교육지원청","서울특별시 도봉구","S010001776","서울자운초등학교","02","공립","N","","복식부기","예산세출","17760000","173165000","161160000","252865000","59241000","279051000","0","0"
"서울특별시교육청","서울특별시북부교육지원청","서울특별시 노원구","S010001777","서울중계초등학교","02","공립","N","","복식부기","예산세출","27710000","193097000","205524000","20863000","70897000","356427000","0","0"
"서울특별시교육청","서울특별시북부교육지원청","서울특별시 노원구","S010001778","서울중원초등학교","02","공립","N","","복식부기","예산세출","15696000","116020000","109150000","81546000","66989000","286212000","1000000","10000000"
"서울특별시교육청","서울특별시북부교육지원청","서울특별시 노원구","S010001779","서울중평초등학교","02","공립","N","","복식부기","예산세출","34020000","87514000","205760000","28100000","83455000","454656000","0","0"
"서울특별시교육청","서울특별시북부교육지원청","서울특별시 노원구","S010001780","서울중현초등학교","02","공립","N","","복식부기","예산세출","17070000","120772000","126542000","80920000","43049000","266790000","2000000","0"
"서울특별시교육청","서울특별시북부교육지원청","서울특별시 도봉구","S010001781","서울창경초등학교","02","공립","N","","복식부기","예산세출","28908000","163582000","168270000","265100000","97204000","361207000","0","0"
"서울특별시교육청","서울특별시북부교육지원청","서울특별시 도봉구","S010001782","서울창도초등학교","02","공립","N","","복식부기","예산세출","26350000","72884000","155793000","24000000","52587000","376332000","0","0"
"서울특별시교육청","서울특별시북부교육지원청","서울특별시 도봉구","S010001783","서울창동초등학교","02","공립","N","","복식부기","예산세출","16840000","260970000","144375000","170890000","51921000","323997000","0","0"
"서울특별시교육청","서울특별시북부교육지원청","서울특별시 도봉구","S010001784","서울창림초등학교","02","공립","N","","복식부기","예산세출","27990000","195606000","217668000","314392000","121274000","334217000","0","0"
"서울특별시교육청","서울특별시북부교육지원청","서울특별시 도봉구","S010001785","서울창원초등학교","02","공립","N","","복식부기","예산세출","14810000","138310000","89800000","55820000","61131000","330834000","0","0"
"서울특별시교육청","서울특별시북부교육지원청","서울특별시 도봉구","S010001786","서울창일초등학교","02","공립","N","","복식부기","예산세출","22490000","160180000","159960000","25810000","73147000","340954000","0","2000000"
"서울특별시교육청","서울특별시북부교육지원청","서울특별시 노원구","S010001787","서울청계초등학교","02","공립","N","","복식부기","예산세출","11585000","115056000","98280000","23470000","49792000","295197000","0","3000000"
"서울특별시교육청","서울특별시북부교육지원청","서울특별시 도봉구","S010001788","서울초당초등학교","02","공립","N","","복식부기","예산세출","25638000","172149000","133400000","498731000","52648000","433908000","150708000","2000000"
"서울특별시교육청","서울특별시북부교육지원청","서울특별시 노원구","S010001789","서울태랑초등학교","02","공립","N","","복식부기","예산세출","26310000","82097000","157401000","26056000","119881000","400232000","0","1000000"
"서울특별시교육청","서울특별시북부교육지원청","서울특별시 노원구","S010001790","서울태릉초등학교","02","공립","N","","복식부기","예산세출","19380000","405683000","128315000","100118000","123992000","369410000","0","10000000"
"서울특별시교육청","서울특별시북부교육지원청","서울특별시 노원구","S010001791","서울한천초등학교","02","공립","N","","복식부기","예산세출","34635000","739822000","212846000","360819000","84478000","310129000","0","0"
"서울특별시교육청","서울특별시서부교육지원청","서울특별시 은평구","S010001968","서울갈현초등학교","02","공립","N","","복식부기","예산세출","25090000","140438000","163060000","22020000","64550000","389261000","0","0"
"서울특별시교육청","서울특별시서부교육지원청","서울특별시 서대문구","S010001969","서울고은초등학교","02","공립","N","","복식부기","예산세출","20800000","119250000","146530000","143660000","66687000","327821000","0","500000"
"서울특별시교육청","서울특별시서부교육지원청","서울특별시 마포구","S010001970","서울공덕초등학교","02","공립","N","","복식부기","예산세출","23600000","106697000","168400000","49000000","89027000","335503000","0","0"
"서울특별시교육청","서울특별시서부교육지원청","서울특별시 은평구","S010001971","서울구산초등학교","02","공립","N","","복식부기","예산세출","18950000","102791000","153670000","260816000","66888000","398545000","0","20000000"
"서울특별시교육청","서울특별시서부교육지원청","서울특별시 서대문구","S010001972","서울금화초등학교","02","공립","N","","복식부기","예산세출","19780000","178344000","125325000","353791000","94336000","358424000","0","0"
"서울특별시교육청","서울특별시서부교육지원청","서울특별시 은평구","S010001973","서울녹번초등학교","02","공립","N","","복식부기","예산세출","18170000","96559000","140706000","59200000","143544000","396168000","0","3000000"
"서울특별시교육청","서울특별시서부교육지원청","서울특별시 서대문구","S010001974","서울대신초등학교","02","공립","N","","복식부기","예산세출","22390000","95083000","103490000","118661000","52554000","253874000","0","0"
"서울특별시교육청","서울특별시서부교육지원청","서울특별시 은평구","S010001975","서울대은초등학교","02","공립","N","","복식부기","예산세출","14000000","70288000","56980000","15485000","95676000","308584000","0","0"
"서울특별시교육청","서울특별시서부교육지원청","서울특별시 은평구","S010001976","서울대조초등학교","02","공립","N","","복식부기","예산세출","18660000","186872000","160450000","275255000","63667000","380503000","0","1000000"
"서울특별시교육청","서울특별시서부교육지원청","서울특별시 마포구","S010001977","서울동교초등학교","02","공립","N","","복식부기","예산세출","22890000","151916000","133280000","540609000","61339000","382399000","0","1000000"
"서울특별시교육청","서울특별시서부교육지원청","서울특별시 마포구","S010001978","서울마포초등학교","02","공립","N","","복식부기","예산세출","24635000","93244000","151689000","16856000","62911000","373406000","0","0"
"서울특별시교육청","서울특별시서부교육지원청","서울특별시 마포구","S010001979","서울망원초등학교","02","공립","N","","복식부기","예산세출","22620000","97131000","82097000","12750000","49866000","285847000","0","14920000"
"서울특별시교육청","서울특별시서부교육지원청","서울특별시 서대문구","S010001980","서울미동초등학교","02","공립","N","","복식부기","예산세출","21340000","362297000","96295000","336334000","90455000","330575000","0","0"
"서울특별시교육청","서울특별시서부교육지원청","서울특별시 서대문구","S010001981","서울북가좌초등학교","02","공립","N","","복식부기","예산세출","20730000","237428000","192900000","689852000","62135000","424206000","0","0"
"서울특별시교육청","서울특별시서부교육지원청","서울특별시 서대문구","S010001982","서울북성초등학교","02","공립","N","","복식부기","예산세출","38124000","219323000","223310000","317217000","141844000","420157000","70000000","1000000"
"서울특별시교육청","서울특별시서부교육지원청","서울특별시 은평구","S010001983","서울북한산초등학교","02","공립","N","","복식부기","예산세출","15010000","104322000","66320000","25740000","87912000","259617000","0","0"
"서울특별시교육청","서울특별시서부교육지원청","서울특별시 은평구","S010001984","서울불광초등학교","02","공립","N","","복식부기","예산세출","21180000","156065000","183099000","145474000","74280000","407251000","107977000","1000"
"서울특별시교육청","서울특별시서부교육지원청","서울특별시 은평구","S010001985","서울상신초등학교","02","공립","N","","복식부기","예산세출","23180000","160143000","150727000","19503000","71636000","294061000","0","0"
"서울특별시교육청","서울특별시서부교육지원청","서울특별시 마포구","S010001986","서울상암초등학교","02","공립","N","","복식부기","예산세출","14715000","61052000","109025000","233376000","78877000","390987000","0","0"
"서울특별시교육청","서울특별시서부교육지원청","서울특별시 마포구","S010001987","서울서강초등학교","02","공립","N","","복식부기","예산세출","45610000","78007000","181939000","18600000","69704000","437940000","0","0"
"서울특별시교육청","서울특별시서부교육지원청","서울특별시 마포구","S010001988","서울서교초등학교","02","공립","N","","복식부기","예산세출","13640000","205295000","100100000","281875000","90338000","380464000","0","0"
"서울특별시교육청","서울특별시서부교육지원청","서울특별시 마포구","S010001989","서울성산초등학교","02","공립","N","","복식부기","예산세출","21990000","178062000","164900000","480710000","92199000","301149000","0","0"
"서울특별시교육청","서울특별시서부교육지원청","서울특별시 마포구","S010001990","서울성서초등학교","02","공립","N","","복식부기","예산세출","26270000","135786000","135577000","118561000","87895000","390287000","0","0"
"서울특별시교육청","서울특별시서부교육지원청","서울특별시 마포구","S010001991","서울성원초등학교","02","공립","N","","복식부기","예산세출","16410000","110798000","77390000","15550000","83956000","296970000","0","0"
"서울특별시교육청","서울특별시서부교육지원청","서울특별시 마포구","S010001992","서울소의초등학교","02","공립","N","","복식부기","예산세출","30360000","51187000","136789000","14600000","74455000","412875000","77600000","0"
"서울특별시교육청","서울특별시서부교육지원청","서울특별시 은평구","S010001993","서울수색초등학교","02","공립","N","","복식부기","예산세출","19640000","166621000","209620000","299704000","80953000","376150000","0","5000000"
"서울특별시교육청","서울특별시서부교육지원청","서울특별시 은평구","S010001994","서울신도초등학교","02","공립","N","","복식부기","예산세출","21110000","94715000","225846000","211696000","84133000","305581000","0","0"
"서울특별시교육청","서울특별시서부교육지원청","서울특별시 마포구","S010001995","서울신북초등학교","02","공립","N","","복식부기","예산세출","22510000","163622000","145685000","232340000","73614000","301859000","0","0"
"서울특별시교육청","서울특별시서부교육지원청","서울특별시 은평구","S010001996","서울신사초등학교","02","공립","N","","복식부기","예산세출","16480000","115842000","105349000","34220000","56404000","276705000","0","0"
"서울특별시교육청","서울특별시서부교육지원청","서울특별시 마포구","S010001997","서울신석초등학교","02","공립","N","","복식부기","예산세출","19860000","184105000","161600000","100480000","137017000","282153000","48910000","1000000"
"서울특별시교육청","서울특별시서부교육지원청","서울특별시 마포구","S010001998","서울아현초등학교","02","공립","N","","복식부기","예산세출","18610000","176303000","243300000","428913000","145540000","341296000","0","1000000"
"서울특별시교육청","서울특별시서부교육지원청","서울특별시 서대문구","S010001999","서울안산초등학교","02","공립","N","","복식부기","예산세출","11400000","136481000","136205000","16950000","76990000","361682000","0","0"
"서울특별시교육청","서울특별시서부교육지원청","서울특별시 은평구","S010002000","서울역촌초등학교","02","공립","N","","복식부기","예산세출","26560000","219169000","209016000","18200000","80181000","390711000","0","10970000"
"서울특별시교육청","서울특별시서부교육지원청","서울특별시 서대문구","S010002001","서울연가초등학교","02","공립","N","","복식부기","예산세출","22160000","256815000","324100000","966955000","185682000","441373000","20000000","1000000"
"서울특별시교육청","서울특별시서부교육지원청","서울특별시 은평구","S010002002","서울연신초등학교","02","공립","N","","복식부기","예산세출","17775000","58165000","92207000","10300000","86158000","383319000","0","0"
"서울특별시교육청","서울특별시서부교육지원청","서울특별시 은평구","S010002003","서울연은초등학교","02","공립","N","","복식부기","예산세출","21540000","159512000","176246000","375918000","73357000","381950000","0","1000"
"서울특별시교육청","서울특별시서부교육지원청","서울특별시 은평구","S010002004","서울연천초등학교","02","공립","N","","복식부기","예산세출","14120000","142190000","96312000","110987000","73434000","307787000","0","0"
"서울특별시교육청","서울특별시서부교육지원청","서울특별시 서대문구","S010002005","서울연희초등학교","02","공립","N","","복식부기","예산세출","19500000","155796000","143004000","16978000","65368000","318901000","0","1000000"
"서울특별시교육청","서울특별시서부교육지원청","서울특별시 마포구","S010002006","서울염리초등학교","02","공립","N","","복식부기","예산세출","25790000","233056000","241330000","721750000","107286000","436557000","0","1000"
"서울특별시교육청","서울특별시서부교육지원청","서울특별시 마포구","S010002007","서울용강초등학교","02","공립","N","","복식부기","예산세출","19500000","194079000","143074000","288462000","115569000","334670000","0","1000"
"서울특별시교육청","서울특별시서부교육지원청","서울특별시 은평구","S010002008","서울은평초등학교","02","공립","N","","복식부기","예산세출","22520000","182913000","163615000","473040000","148033000","389759000","0","3000000"
"서울특별시교육청","서울특별시서부교육지원청","서울특별시 은평구","S010002009","서울응암초등학교","02","공립","N","","복식부기","예산세출","26210000","258226000","207849000","176323000","76797000","362177000","0","5000000"
"서울특별시교육청","서울특별시서부교육지원청","서울특별시 서대문구","S010002010","서울인왕초등학교","02","공립","N","","복식부기","예산세출","15190000","58513000","104125000","27070000","84512000","387386000","0","1033000"
"서울특별시교육청","서울특별시서부교육지원청","서울특별시 마포구","S010002011","서울중동초등학교","02","공립","N","","복식부기","예산세출","18110000","196341000","136764000","78595000","75715000","306294000","0","0"
"서울특별시교육청","서울특별시서부교육지원청","서울특별시 은평구","S010002012","서울증산초등학교","02","공립","N","","복식부기","예산세출","21760000","211365000","168130000","46264000","104954000","431345000","0","0"
"서울특별시교육청","서울특별시서부교육지원청","서울특별시 서대문구","S010002013","서울창서초등학교","02","공립","N","","복식부기","예산세출","13400000","124835000","120253000","118185000","51117000","218347000","0","2000000"
"서울특별시교육청","서울특별시서부교육지원청","서울특별시 마포구","S010002014","서울창천초등학교","02","공립","N","","복식부기","예산세출","18980000","149554000","96660000","35500000","130284000","392779000","125000000","1000000"
"서울특별시교육청","서울특별시서부교육지원청","서울특별시 마포구","S010002015","서울한서초등학교","02","공립","N","","복식부기","예산세출","24265000","105918000","149390000","483930000","162262000","380461000","0","0"
"서울특별시교육청","서울특별시서부교육지원청","서울특별시 서대문구","S010002016","서울홍연초등학교","02","공립","N","","복식부기","예산세출","14450000","163623000","120168000","47110000","121852000","376199000","0","0"
"서울특별시교육청","서울특별시서부교육지원청","서울특별시 서대문구","S010002017","서울홍은초등학교","02","공립","N","","복식부기","예산세출","16290000","105138000","123780000","97651000","46366000","336287000","0","0"
"서울특별시교육청","서울특별시서부교육지원청","서울특별시 서대문구","S010002018","서울홍제초등학교","02","공립","N","","복식부기","예산세출","28165000","193992000","202232000","452204000","61432000","498483000","90000000","5000000"
"서울특별시교육청","서울특별시성동광진교육지원청","서울특별시 성동구","S010002164","서울경동초등학교","02","공립","N","","복식부기","예산세출","21190000","86389000","174416000","33100000","90154000","326430000","0","5000000"
"서울특별시교육청","서울특별시성동광진교육지원청","서울특별시 성동구","S010002165","서울경수초등학교","02","공립","N","","복식부기","예산세출","13160000","78590000","116330000","108473000","44618000","352133000","1200000","500000"
"서울특별시교육청","서울특별시성동광진교육지원청","서울특별시 성동구","S010002166","서울경일초등학교","02","공립","N","","복식부기","예산세출","19930000","111420000","96490000","135339000","42266000","312731000","0","1000000"
"서울특별시교육청","서울특별시성동광진교육지원청","서울특별시 광진구","S010002167","서울광남초등학교","02","공립","N","","복식부기","예산세출","23910000","227179000","207579000","399400000","74534000","416672000","0","0"
"서울특별시교육청","서울특별시성동광진교육지원청","서울특별시 광진구","S010002168","서울광장초등학교","02","공립","N","","복식부기","예산세출","15480000","93662000","108822000","53910000","102055000","238621000","0","0"
"서울특별시교육청","서울특별시성동광진교육지원청","서울특별시 광진구","S010002169","서울구남초등학교","02","공립","N","","복식부기","예산세출","23843000","129136000","149380000","444566000","79123000","324779000","0","5000000"
"서울특별시교육청","서울특별시성동광진교육지원청","서울특별시 광진구","S010002170","서울구의초등학교","02","공립","N","","복식부기","예산세출","18830000","189765000","146424000","137370000","67158000","394065000","0","0"
"서울특별시교육청","서울특별시성동광진교육지원청","서울특별시 성동구","S010002171","서울금북초등학교","02","공립","N","","복식부기","예산세출","27840000","87815000","130482000","25700000","126395000","355544000","0","0"
"서울특별시교육청","서울특별시성동광진교육지원청","서울특별시 성동구","S010002172","서울금옥초등학교","02","공립","N","","복식부기","예산세출","19270000","68555000","133423000","13850000","89157000","287122000","60000000","0"
"서울특별시교육청","서울특별시성동광진교육지원청","서울특별시 성동구","S010002173","서울금호초등학교","02","공립","N","","복식부기","예산세출","27810000","144884000","215170000","371807000","95052000","507384000","0","30000000"
"서울특별시교육청","서울특별시성동광진교육지원청","서울특별시 성동구","S010002174","서울동명초등학교","02","공립","N","","복식부기","예산세출","19205000","136018000","112779000","160206000","53622000","399361000","0","0"
"서울특별시교육청","서울특별시성동광진교육지원청","서울특별시 광진구","S010002175","서울동의초등학교","02","공립","N","","복식부기","예산세출","25190000","105820000","143325000","19605000","104999000","367903000","0","10000000"
"서울특별시교육청","서울특별시성동광진교육지원청","서울특별시 광진구","S010002176","서울동자초등학교","02","공립","N","","복식부기","예산세출","20960000","173922000","266949000","446550000","149935000","419684000","0","0"
"서울특별시교육청","서울특별시성동광진교육지원청","서울특별시 성동구","S010002177","서울무학초등학교","02","공립","N","","복식부기","예산세출","15460000","54632000","144134000","20200000","96299000","395868000","0","0"
"서울특별시교육청","서울특별시성동광진교육지원청","서울특별시 성동구","S010002178","서울사근초등학교","02","공립","N","","복식부기","예산세출","15930000","75494000","121819000","79700000","58547000","328160000","0","0"
"서울특별시교육청","서울특별시성동광진교육지원청","서울특별시 성동구","S010002179","서울성수초등학교","02","공립","N","","복식부기","예산세출","21834000","127181000","57650000","90800000","129917000","379782000","0","0"
"서울특별시교육청","서울특별시성동광진교육지원청","서울특별시 광진구","S010002180","서울성자초등학교","02","공립","N","","복식부기","예산세출","18700000","139560000","117590000","240400000","73827000","302244000","0","2000000"
"서울특별시교육청","서울특별시성동광진교육지원청","서울특별시 광진구","S010002181","서울신양초등학교","02","공립","N","","복식부기","예산세출","20590000","102126000","92550000","155700000","85211000","408823000","0","0"
"서울특별시교육청","서울특별시성동광진교육지원청","서울특별시 광진구","S010002182","서울신자초등학교","02","공립","N","","복식부기","예산세출","22690000","54707000","96560000","16120000","90068000","350277000","0","0"
"서울특별시교육청","서울특별시성동광진교육지원청","서울특별시 광진구","S010002183","서울양남초등학교","02","공립","N","","복식부기","예산세출","16630000","164282000","86900000","15000000","45017000","272453000","0","0"
"서울특별시교육청","서울특별시성동광진교육지원청","서울특별시 성동구","S010002184","서울옥수초등학교","02","공립","N","","복식부기","예산세출","16890000","67730000","112900000","26000000","98821000","428367000","0","3000000"
"서울특별시교육청","서울특별시성동광진교육지원청","서울특별시 성동구","S010002185","서울옥정초등학교","02","공립","N","","복식부기","예산세출","14750000","58755000","144670000","25130000","82656000","413892000","6000000","0"
"서울특별시교육청","서울특별시성동광진교육지원청","서울특별시 광진구","S010002186","서울용곡초등학교","02","공립","N","","복식부기","예산세출","14840000","104690000","107137000","18600000","131030000","366865000","0","0"
"서울특별시교육청","서울특별시성동광진교육지원청","서울특별시 성동구","S010002187","서울용답초등학교","02","공립","N","","복식부기","예산세출","13890000","71880000","67870000","14500000","97912000","325383000","0","0"
"서울특별시교육청","서울특별시성동광진교육지원청","서울특별시 광진구","S010002188","서울용마초등학교","02","공립","N","","복식부기","예산세출","38780000","115231000","281662000","455000000","120738000","404769000","0","0"
"서울특별시교육청","서울특별시성동광진교육지원청","서울특별시 성동구","S010002189","서울응봉초등학교","02","공립","N","","복식부기","예산세출","11760000","168241000","132000000","378168000","67192000","346699000","0","0"
"서울특별시교육청","서울특별시성동광진교육지원청","서울특별시 광진구","S010002190","서울자양초등학교","02","공립","N","","복식부기","예산세출","17300000","115125000","114200000","24600000","63844000","340171000","0","0"
"서울특별시교육청","서울특별시성동광진교육지원청","서울특별시 광진구","S010002191","서울장안초등학교","02","공립","N","","복식부기","예산세출","23522000","173605000","176637000","246840000","58514000","310471000","0","589000"
"서울특별시교육청","서울특별시성동광진교육지원청","서울특별시 광진구","S010002192","서울중광초등학교","02","공립","N","","복식부기","예산세출","21485000","94760000","81760000","17600000","71608000","310798000","0","1000000"
"서울특별시교육청","서울특별시성동광진교육지원청","서울특별시 광진구","S010002193","서울중마초등학교","02","공립","N","","복식부기","예산세출","28540000","118770000","94265000","109885000","109565000","291282000","0","5000000"
"서울특별시교육청","서울특별시성동광진교육지원청","서울특별시 성동구","S010002194","서울행당초등학교","02","공립","N","","복식부기","예산세출","18150000","183173000","151610000","175650000","123489000","401518000","0","1000000"
"서울특별시교육청","서울특별시성북강북교육지원청","서울특별시 성북구","S010002292","서울개운초등학교","02","공립","N","","복식부기","예산세출","19000000","145111000","121050000","16770000","76030000","357731000","0","0"
"서울특별시교육청","서울특별시성북강북교육지원청","서울특별시 성북구","S010002293","서울길음초등학교","02","공립","N","","복식부기","예산세출","22010000","202496000","170006000","23600000","88815000","401371000","0","0"
"서울특별시교육청","서울특별시성북강북교육지원청","서울특별시 성북구","S010002294","서울돈암초등학교","02","공립","N","","복식부기","예산세출","29432000","214870000","202592000","24137000","71104000","443865000","168000000","1000000"
"서울특별시교육청","서울특별시성북강북교육지원청","서울특별시 성북구","S010002295","서울동신초등학교","02","공립","N","","복식부기","예산세출","14330000","131438000","105080000","11800000","56608000","346399000","0","0"
"서울특별시교육청","서울특별시성북강북교육지원청","서울특별시 성북구","S010002296","서울미아초등학교","02","공립","N","","복식부기","예산세출","14740000","187830000","299847000","28360000","97881000","305784000","0","0"
"서울특별시교육청","서울특별시성북강북교육지원청","서울특별시 강북구","S010002297","서울미양초등학교","02","공립","N","","복식부기","예산세출","12750000","150689000","120962000","304755000","118199000","406458000","2400000","0"
"서울특별시교육청","서울특별시성북강북교육지원청","서울특별시 강북구","S010002298","서울번동초등학교","02","공립","N","","복식부기","예산세출","35890000","189471000","103360000","21500000","49537000","316058000","0","0"
"서울특별시교육청","서울특별시성북강북교육지원청","서울특별시 강북구","S010002299","서울삼각산초등학교","02","공립","N","","복식부기","예산세출","24720000","152371000","248308000","632824000","55506000","354284000","0","0"
"서울특별시교육청","서울특별시성북강북교육지원청","서울특별시 성북구","S010002300","서울삼선초등학교","02","공립","N","","복식부기","예산세출","12650000","76805000","123970000","45100000","73227000","354983000","0","0"
"서울특별시교육청","서울특별시성북강북교육지원청","서울특별시 강북구","S010002301","서울삼양초등학교","02","공립","N","","복식부기","예산세출","18080000","159992000","113387000","190521000","56471000","374752000","0","0"
"서울특별시교육청","서울특별시성북강북교육지원청","서울특별시 성북구","S010002302","서울석관초등학교","02","공립","N","","복식부기","예산세출","16110000","216805000","167470000","420662000","50472000","360659000","0","0"
"서울특별시교육청","서울특별시성북강북교육지원청","서울특별시 성북구","S010002303","서울성북초등학교","02","공립","N","","복식부기","예산세출","12150000","186263000","92050000","92184000","54224000","354630000","0","0"
"서울특별시교육청","서울특별시성북강북교육지원청","서울특별시 강북구","S010002304","서울송중초등학교","02","공립","N","","복식부기","예산세출","22490000","123066000","129225000","78426000","114110000","387128000","0","0"
"서울특별시교육청","서울특별시성북강북교육지원청","서울특별시 강북구","S010002305","서울송천초등학교","02","공립","N","","복식부기","예산세출","12330000","112335000","124409000","24886000","52989000","359730000","0","0"
"서울특별시교육청","서울특별시성북강북교육지원청","서울특별시 강북구","S010002306","서울수송초등학교","02","공립","N","","복식부기","예산세출","19710000","156895000","171050000","287194000","71382000","531460000","20000000","0"
"서울특별시교육청","서울특별시성북강북교육지원청","서울특별시 강북구","S010002307","서울수유초등학교","02","공립","N","","복식부기","예산세출","16640000","181026000","136275000","31098000","60587000","304308000","0","0"
"서울특별시교육청","서울특별시성북강북교육지원청","서울특별시 성북구","S010002308","서울숭곡초등학교","02","공립","N","","복식부기","예산세출","15700000","178706000","190830000","238380000","69412000","362796000","0","0"
"서울특별시교육청","서울특별시성북강북교육지원청","서울특별시 성북구","S010002309","서울숭덕초등학교","02","공립","N","","복식부기","예산세출","32000000","184266000","187352000","24950000","103778000","376969000","0","0"
"서울특별시교육청","서울특별시성북강북교육지원청","서울특별시 성북구","S010002310","서울숭례초등학교","02","공립","N","","복식부기","예산세출","14430000","123631000","164538000","400402000","74378000","358648000","0","0"
"서울특별시교육청","서울특별시성북강북교육지원청","서울특별시 성북구","S010002311","서울숭인초등학교","02","공립","N","","복식부기","예산세출","24375000","186263000","218762000","473106000","150387000","262760000","0","0"
"서울특별시교육청","서울특별시성북강북교육지원청","서울특별시 성북구","S010002312","서울안암초등학교","02","공립","N","","복식부기","예산세출","16930000","104362000","94103000","162183000","81733000","290947000","0","0"
"서울특별시교육청","서울특별시성북강북교육지원청","서울특별시 강북구","S010002313","서울오현초등학교","02","공립","N","","복식부기","예산세출","20665000","127194000","89016000","71695000","75864000","295689000","0","1000000"
"서울특별시교육청","서울특별시성북강북교육지원청","서울특별시 강북구","S010002314","서울우이초등학교","02","공립","N","","복식부기","예산세출","24416000","155758000","149048000","373402000","82229000","489354000","2400000","0"
"서울특별시교육청","서울특별시성북강북교육지원청","서울특별시 성북구","S010002315","서울월곡초등학교","02","공립","N","","복식부기","예산세출","24180000","132678000","98520000","18000000","106585000","350172000","0","0"
"서울특별시교육청","서울특별시성북강북교육지원청","서울특별시 강북구","S010002316","서울유현초등학교","02","공립","N","","복식부기","예산세출","22780000","78362000","140280000","18100000","125873000","256346000","0","0"
"서울특별시교육청","서울특별시성북강북교육지원청","서울특별시 강북구","S010002317","서울인수초등학교","02","공립","N","","복식부기","예산세출","21590000","144516000","162830000","20596000","123426000","368772000","2000000","0"
"서울특별시교육청","서울특별시성북강북교육지원청","서울특별시 성북구","S010002318","서울일신초등학교","02","공립","N","","복식부기","예산세출","20540000","140260000","161582000","27903000","75833000","288509000","0","10000000"
"서울특별시교육청","서울특별시성북강북교육지원청","서울특별시 성북구","S010002319","서울장곡초등학교","02","공립","N","","복식부기","예산세출","23560000","283950000","149650000","310002000","163422000","353402000","0","0"
"서울특별시교육청","서울특별시성북강북교육지원청","서울특별시 성북구","S010002320","서울장위초등학교","02","공립","N","","복식부기","예산세출","24260000","211446000","111220000","132390000","74174000","482329000","125000000","0"
"서울특별시교육청","서울특별시성북강북교육지원청","서울특별시 성북구","S010002321","서울정덕초등학교","02","공립","N","","복식부기","예산세출","28670000","252416000","178005000","22870000","54461000","354063000","0","0"
"서울특별시교육청","서울특별시성북강북교육지원청","서울특별시 성북구","S010002322","서울정릉초등학교","02","공립","N","","복식부기","예산세출","20505000","158161000","144028000","448600000","62250000","325954000","0","0"
"서울특별시교육청","서울특별시성북강북교육지원청","서울특별시 성북구","S010002323","서울정수초등학교","02","공립","N","","복식부기","예산세출","20407000","108421000","70360000","55312000","80942000","331447000","0","0"
"서울특별시교육청","서울특별시성북강북교육지원청","서울특별시 성북구","S010002324","서울청덕초등학교","02","공립","N","","복식부기","예산세출","52351000","156617000","112825000","19630000","62257000","330887000","0","1000000"
"서울특별시교육청","서울특별시성북강북교육지원청","서울특별시 강북구","S010002325","서울화계초등학교","02","공립","N","","복식부기","예산세출","26380000","133275000","123550000","115375000","84887000","438240000","21792000","0"
"서울특별시교육청","서울특별시중부교육지원청","서울특별시 중구","S010002369","서울광희초등학교","02","공립","N","","복식부기","예산세출","22330000","164506000","86710000","54480000","58787000","336122000","0","0"
"서울특별시교육청","서울특별시중부교육지원청","서울특별시 종로구","S010002370","서울교동초등학교","02","공립","N","","복식부기","예산세출","11850000","89244000","98168000","161735000","63997000","294491000","0","5000000"
"서울특별시교육청","서울특별시중부교육지원청","서울특별시 용산구","S010002371","서울금양초등학교","02","공립","N","","복식부기","예산세출","23769000","172907000","166627000","227550000","126625000","285871000","0","0"
"서울특별시교육청","서울특별시중부교육지원청","서울특별시 중구","S010002372","서울남산초등학교","02","공립","N","","복식부기","예산세출","11110000","123762000","77060000","11400000","84259000","381962000","0","3000000"
"서울특별시교육청","서울특별시중부교육지원청","서울특별시 용산구","S010002373","서울남정초등학교","02","공립","N","","복식부기","예산세출","18750000","170614000","101695000","208650000","111509000","234028000","0","1500000"
"서울특별시교육청","서울특별시중부교육지원청","서울특별시 중구","S010002375","서울덕수초등학교","02","공립","N","","복식부기","예산세출","18240000","213852000","150483000","75690000","40211000","338011000","0","5000000"
"서울특별시교육청","서울특별시중부교육지원청","서울특별시 종로구","S010002376","서울독립문초등학교","02","공립","N","","복식부기","예산세출","17960000","123840000","121296000","304860000","70442000","326359000","0","30000000"
"서울특별시교육청","서울특별시중부교육지원청","서울특별시 종로구","S010002377","서울매동초등학교","02","공립","N","","복식부기","예산세출","15740000","114026000","97230000","14500000","36449000","299955000","0","0"
"서울특별시교육청","서울특별시중부교육지원청","서울특별시 종로구","S010002378","서울명신초등학교","02","공립","N","","복식부기","예산세출","12624000","31070000","108410000","29080000","66530000","321524000","0","1000000"
"서울특별시교육청","서울특별시중부교육지원청","서울특별시 용산구","S010002379","서울보광초등학교","02","공립","N","","복식부기","예산세출","20162000","157832000","91700000","80120000","88547000","308638000","0","1000000"
"서울특별시교육청","서울특별시중부교육지원청","서울특별시 중구","S010002380","서울봉래초등학교","02","공립","N","","복식부기","예산세출","18555000","227038000","152712000","16000000","45286000","432228000","40000000","500000"
"서울특별시교육청","서울특별시중부교육지원청","서울특별시 용산구","S010002381","서울삼광초등학교","02","공립","N","","복식부기","예산세출","17120000","89820000","105480000","26052000","97147000","328157000","0","2000000"
"서울특별시교육청","서울특별시중부교육지원청","서울특별시 용산구","S010002382","서울서빙고초등학교","02","공립","N","","복식부기","예산세출","13710000","100879000","94671000","220100000","97052000","306020000","0","0"
"서울특별시교육청","서울특별시중부교육지원청","서울특별시 종로구","S010002383","서울세검정초등학교","02","공립","N","","복식부기","예산세출","21140000","156222000","148540000","483220000","123004000","364028000","0","0"
"서울특별시교육청","서울특별시성동광진교육지원청","서울특별시 성동구","S010002384","서울숭신초등학교","02","공립","N","","복식부기","예산세출","28860000","152590000","169932000","119218000","89229000","345719000","0","0"
"서울특별시교육청","서울특별시중부교육지원청","서울특별시 용산구","S010002385","서울신용산초등학교","02","공립","N","","복식부기","예산세출","21790000","244545000","358717000","607200000","91118000","432014000","0","0"
"서울특별시교육청","서울특별시중부교육지원청","서울특별시 용산구","S010002386","서울용산초등학교","02","공립","N","","복식부기","예산세출","20136000","140118000","112515000","177923000","122037000","335949000","82416000","1000000"
"서울특별시교육청","서울특별시중부교육지원청","서울특별시 용산구","S010002387","서울용암초등학교","02","공립","N","","복식부기","예산세출","17490000","114176000","63710000","14396000","43671000","288632000","0","1000000"
"서울특별시교육청","서울특별시중부교육지원청","서울특별시 용산구","S010002388","서울원효초등학교","02","공립","N","","복식부기","예산세출","14300000","160036000","121650000","250500000","53941000","319590000","0","5000000"
"서울특별시교육청","서울특별시중부교육지원청","서울특별시 용산구","S010002389","서울이태원초등학교","02","공립","N","","복식부기","예산세출","16602000","145784000","77550000","111331000","46459000","356212000","106312000","1000000"
"서울특별시교육청","서울특별시중부교육지원청","서울특별시 중구","S010002390","서울장충초등학교","02","공립","N","","복식부기","예산세출","18934000","99859000","137500000","38120000","45396000","393977000","0","0"
"서울특별시교육청","서울특별시중부교육지원청","서울특별시 종로구","S010002391","서울재동초등학교","02","공립","N","","복식부기","예산세출","14540000","144087000","85105000","19320000","75416000","262222000","0","0"
"서울특별시교육청","서울특별시중부교육지원청","서울특별시 종로구","S010002392","서울창신초등학교","02","공립","N","","복식부기","예산세출","16920000","116745000","119850000","45080000","65612000","404834000","0","4000000"
"서울특별시교육청","서울특별시중부교육지원청","서울특별시 중구","S010002393","서울청구초등학교","02","공립","N","","복식부기","예산세출","10500000","220164000","188555000","105880000","77459000","450389000","0","0"
"서울특별시교육청","서울특별시중부교육지원청","서울특별시 종로구","S010002394","서울청운초등학교","02","공립","N","","복식부기","예산세출","17330000","164858000","122190000","21100000","65236000","433789000","140788000","2000000"
"서울특별시교육청","서울특별시중부교육지원청","서울특별시 용산구","S010002395","서울청파초등학교","02","공립","N","","복식부기","예산세출","13920000","144206000","118573000","218534000","66318000","317502000","0","0"
"서울특별시교육청","서울특별시중부교육지원청","서울특별시 중구","S010002396","서울충무초등학교","02","공립","N","","복식부기","예산세출","23226000","142797000","99225000","34570000","39251000","293581000","0","0"
"서울특별시교육청","서울특별시중부교육지원청","서울특별시 용산구","S010002397","서울한강초등학교","02","공립","N","","복식부기","예산세출","16290000","87278000","104250000","17813000","40265000","287915000","0","500000"
"서울특별시교육청","서울특별시중부교육지원청","서울특별시 용산구","S010002398","서울한남초등학교","02","공립","N","","복식부기","예산세출","18190000","170603000","94104000","253996000","99310000","306817000","0","3000000"
"서울특별시교육청","서울특별시중부교육지원청","서울특별시 종로구","S010002399","서울혜화초등학교","02","공립","N","","복식부기","예산세출","15300000","145586000","158780000","396676000","107317000","338870000","0","5000000"
"서울특별시교육청","서울특별시중부교육지원청","서울특별시 종로구","S010002400","서울효제초등학교","02","공립","N","","복식부기","예산세출","13380000","70149000","81100000","23032000","89149000","326228000","500000","500000"
"서울특별시교육청","서울특별시중부교육지원청","서울특별시 용산구","S010002401","서울후암초등학교","02","공립","N","","복식부기","예산세출","11000000","157011000","85240000","153426000","70402000","283781000","0","0"
"서울특별시교육청","서울특별시중부교육지원청","서울특별시 중구","S010002402","서울흥인초등학교","02","공립","N","","복식부기","예산세출","15880000","75237000","98720000","19899000","88905000","380554000","0","2000000"
"서울특별시교육청","서울특별시강서양천교육지원청","서울특별시 양천구","S010002495","서울신기초등학교","02","공립","N","","복식부기","예산세출","17990000","197555000","113370000","208665000","164415000","360185000","50000000","0"
"서울특별시교육청","서울특별시남부교육지원청","서울특별시 금천구","S010005177","서울금동초등학교","02","공립","N","","복식부기","예산세출","23380000","89490000","138080000","21162000","58351000","389910000","0","0"
"서울특별시교육청","서울특별시북부교육지원청","서울특별시 노원구","S010005178","서울덕암초등학교","02","공립","N","","복식부기","예산세출","22190000","48570000","112310000","178453000","94416000","326112000","0","0"
"서울특별시교육청","서울특별시동작관악교육지원청","서울특별시 관악구","S010005179","서울봉현초등학교","02","공립","N","","복식부기","예산세출","16800000","103778000","134145000","16100000","55144000","369918000","0","0"
"서울특별시교육청","서울특별시성동광진교육지원청","서울특별시 광진구","S010005203","서울광진초등학교","02","공립","N","","복식부기","예산세출","22550000","90620000","115130000","16400000","112067000","366441000","0","0"
"서울특별시교육청","서울특별시서부교육지원청","서울특별시 은평구","S010005213","서울연광초등학교","02","공립","N","","복식부기","예산세출","19940000","133169000","108976000","107186000","38678000","378160000","16000000","0"
"서울특별시교육청","서울특별시남부교육지원청","서울특별시 구로구","S010005214","서울고원초등학교","02","공립","N","","복식부기","예산세출","19820000","150206000","131744000","67074000","55155000","342043000","0","3000000"
"서울특별시교육청","서울특별시북부교육지원청","서울특별시 도봉구","S010005215","서울가인초등학교","02","공립","N","","복식부기","예산세출","18260000","136677000","130460000","228438000","47543000","312450000","0","10000000"
"서울특별시교육청","서울특별시동부교육지원청","서울특별시 중랑구","S010005236","서울묵현초등학교","02","공립","N","","복식부기","예산세출","20570000","125454000","135989000","15585000","107311000","301301000","0","1000000"
"서울특별시교육청","서울특별시성동광진교육지원청","서울특별시 광진구","S010005241","서울양진초등학교","02","공립","N","","복식부기","예산세출","25800000","101284000","167400000","57600000","92610000","429233000","0","0"
"서울특별시교육청","서울특별시성동광진교육지원청","서울특별시 성동구","S010005244","서울마장초등학교","02","공립","N","","복식부기","예산세출","15940000","123286000","180040000","242308000","176731000","335637000","0","2000000"
"서울특별시교육청","서울특별시서부교육지원청","서울특별시 은평구","S010005247","서울서신초등학교","02","공립","N","","복식부기","예산세출","18570000","156393000","150607000","36756000","75510000","371677000","0","0"
"서울특별시교육청","서울특별시성북강북교육지원청","서울특별시 성북구","S010005249","서울석계초등학교","02","공립","N","","복식부기","예산세출","22400000","158179000","125290000","60300000","59466000","304365000","0","0"
"서울특별시교육청","서울특별시동작관악교육지원청","서울특별시 동작구","S010005251","서울보라매초등학교","02","공립","N","","복식부기","예산세출","26060000","167847000","246950000","65890000","148894000","493539000","0","0"
"서울특별시교육청","서울특별시강서양천교육지원청","서울특별시 강서구","S010005253","서울염경초등학교","02","공립","N","","복식부기","예산세출","28650000","215322000","149270000","32800000","106657000","411693000","0","0"
"서울특별시교육청","서울특별시남부교육지원청","서울특별시 영등포구","S010005254","서울영문초등학교","02","공립","N","","복식부기","예산세출","19640000","188967000","148740000","43962000","126555000","446760000","0","3000000"
"서울특별시교육청","서울특별시동작관악교육지원청","서울특별시 관악구","S010005257","서울조원초등학교","02","공립","N","","복식부기","예산세출","28430000","125882000","117606000","94610000","125535000","375434000","68000000","0"
"서울특별시교육청","서울특별시강서양천교육지원청","서울특별시 강서구","S010005259","서울화일초등학교","02","공립","N","","복식부기","예산세출","22338000","162863000","161095000","20742000","85968000","431222000","23400000","10000000"
"서울특별시교육청","서울특별시성동광진교육지원청","서울특별시 성동구","S010005269","서울행현초등학교","02","공립","N","","복식부기","예산세출","18100000","134305000","162574000","104900000","98746000","359347000","0","10000"
"서울특별시교육청","서울특별시성북강북교육지원청","서울특별시 성북구","S010005272","서울길원초등학교","02","공립","N","","복식부기","예산세출","26790000","182754000","186759000","24160000","173277000","409184000","0","0"
"서울특별시교육청","서울특별시강서양천교육지원청","서울특별시 양천구","S010005280","서울장수초등학교","02","공립","N","","복식부기","예산세출","13310000","158551000","111000000","163780000","31910000","397888000","0","0"
"서울특별시교육청","서울특별시성북강북교육지원청","서울특별시 성북구","S010005282","서울장월초등학교","02","공립","N","","복식부기","예산세출","16560000","146249000","130575000","17520000","119063000","341126000","0","0"
"서울특별시교육청","서울특별시동부교육지원청","서울특별시 동대문구","S010005283","서울휘봉초등학교","02","공립","N","","복식부기","예산세출","24115000","56526000","174220000","18600000","74068000","371812000","0","200000"
"서울특별시교육청","서울특별시서부교육지원청","서울특별시 마포구","S010005370","서울상지초등학교","02","공립","N","","복식부기","예산세출","16330000","100861000","140606000","215620000","61620000","381241000","0","0"
"서울특별시교육청","서울특별시남부교육지원청","서울특별시 영등포구","S010005372","서울선유초등학교","02","공립","N","","복식부기","예산세출","13130000","87924000","86020000","17140000","92097000","304327000","0","300000"
"서울특별시교육청","서울특별시중부교육지원청","서울특별시 중구","S010005374","서울신당초등학교","02","공립","N","","복식부기","예산세출","17320000","123636000","95591000","15631000","48774000","306090000","0","0"
"서울특별시교육청","서울특별시강동송파교육지원청","서울특별시 송파구","S010005384","서울버들초등학교","02","공립","N","","복식부기","예산세출","34620000","146580000","188076000","510800000","121278000","243729000","0","0"
"서울특별시교육청","서울특별시강동송파교육지원청","서울특별시 송파구","S010005386","서울문현초등학교","02","공립","N","","복식부기","예산세출","29379000","177705000","177000000","444450000","90739000","293734000","0","0"
"서울특별시교육청","서울특별시동작관악교육지원청","서울특별시 동작구","S010005387","서울삼일초등학교","02","공립","N","","복식부기","예산세출","12600000","150535000","196935000","453946000","118602000","375358000","0","0"
"서울특별시교육청","서울특별시강남서초교육지원청","서울특별시 서초구","S010005495","서울매헌초등학교","02","공립","N","","복식부기","예산세출","17278000","110957000","129500000","19300000","63500000","236536000","0","3000000"
"서울특별시교육청","서울특별시강서양천교육지원청","서울특별시 강서구","S010005496","서울수명초등학교","02","공립","N","","복식부기","예산세출","23190000","254546000","165310000","522678000","65102000","298717000","0","0"
"서울특별시교육청","서울특별시서부교육지원청","서울특별시 은평구","S010005502","서울은명초등학교","02","공립","N","","복식부기","예산세출","26570000","134032000","247060000","482465000","104109000","291574000","0","0"
"서울특별시교육청","서울특별시강동송파교육지원청","서울특별시 송파구","S010005503","서울개롱초등학교","02","공립","N","","복식부기","예산세출","18810000","126006000","102392000","119651000","45421000","322357000","0","0"
"서울특별시교육청","서울특별시강동송파교육지원청","서울특별시 송파구","S010005504","서울잠현초등학교","02","공립","N","","복식부기","예산세출","20010000","157251000","147106000","31700000","89440000","334711000","0","0"
"서울특별시교육청","서울특별시서부교육지원청","서울특별시 은평구","S010005505","서울진관초등학교","02","공립","N","","복식부기","예산세출","16210000","149082000","192545000","571851000","77126000","294627000","0","0"
"서울특별시교육청","서울특별시강서양천교육지원청","서울특별시 양천구","S010005507","서울목운초등학교","02","공립","N","","복식부기","예산세출","37630000","145480000","302821000","63507000","114689000","324166000","0","10000000"
"서울특별시교육청","서울특별시성동광진교육지원청","서울특별시 성동구","S010005513","서울송원초등학교","02","공립","N","","복식부기","예산세출","29240000","191058000","132895000","61160000","65735000","204780000","0","0"
"서울특별시교육청","서울특별시강동송파교육지원청","서울특별시 강동구","S010005527","서울강명초등학교","02","공립","N","","복식부기","예산세출","10650000","103374000","123620000","74300000","132458000","393156000","0","0"
"서울특별시교육청","서울특별시강서양천교육지원청","서울특별시 강서구","S010005546","서울등마초등학교","02","공립","N","","복식부기","예산세출","17104000","100388000","149715000","447684000","58104000","388946000","0","0"
"서울특별시교육청","서울특별시강서양천교육지원청","서울특별시 양천구","S010005548","서울신은초등학교","02","공립","N","","복식부기","예산세출","20250000","121680000","100510000","76750000","119730000","383673000","0","0"
"서울특별시교육청","서울특별시강남서초교육지원청","서울특별시 서초구","S010005549","서울우면초등학교","02","공립","N","","복식부기","예산세출","21340000","112110000","136560000","12000000","138186000","378131000","0","0"
"서울특별시교육청","서울특별시성동광진교육지원청","서울특별시 성동구","S010005551","서울동호초등학교","02","공립","N","","복식부기","예산세출","19533000","147964000","121600000","358020000","104791000","321248000","0","0"
"서울특별시교육청","서울특별시남부교육지원청","서울특별시 구로구","S010005553","서울천왕초등학교","02","공립","N","","복식부기","예산세출","20965000","177134000","158952000","18800000","110272000","292235000","0","1000000"
"서울특별시교육청","서울특별시서부교육지원청","서울특별시 마포구","S010005555","서울하늘초등학교","02","공립","N","","복식부기","예산세출","18090000","225026000","131705000","248368000","114531000","298155000","0","0"
"서울특별시교육청","서울특별시서부교육지원청","서울특별시 은평구","S010005557","서울은빛초등학교","02","공립","N","","복식부기","예산세출","16140000","164305000","97950000","23600000","169434000","425558000","0","0"
"서울특별시교육청","서울특별시서부교육지원청","서울특별시 은평구","S010005559","서울수리초등학교","02","공립","N","","복식부기","예산세출","17792000","109310000","114810000","17876000","91735000","297025000","0","0"
"서울특별시교육청","서울특별시동작관악교육지원청","서울특별시 동작구","S010005567","서울상현초등학교","02","공립","N","","복식부기","예산세출","19610000","155007000","139505000","20721000","117324000","346689000","0","5000000"
"서울특별시교육청","서울특별시서부교육지원청","서울특별시 은평구","S010005577","서울구현초등학교","02","공립","N","","복식부기","예산세출","32045000","148492000","123665000","32130000","69538000","246517000","0","0"
"서울특별시교육청","서울특별시서부교육지원청","서울특별시 은평구","S010005581","서울은진초등학교","02","공립","N","","복식부기","예산세출","17750000","84787000","136596000","15900000","74246000","296287000","0","0"
"서울특별시교육청","서울특별시서부교육지원청","서울특별시 서대문구","S010005597","서울가재울초등학교","02","공립","N","","복식부기","예산세출","30790000","142699000","229000000","25500000","187461000","511470000","0","5000000"
"서울특별시교육청","서울특별시강동송파교육지원청","서울특별시 송파구","S010005599","서울위례솔초등학교","02","공립","N","","복식부기","예산세출","29340000","150789000","221420000","539469000","96195000","404501000","0","0"
"서울특별시교육청","서울특별시강동송파교육지원청","서울특별시 강동구","S010005600","서울고현초등학교","02","공립","N","","복식부기","예산세출","16900000","134218000","218200000","339250000","85336000","501572000","0","0"
"서울특별시교육청","서울특별시서부교육지원청","서울특별시 은평구","S010005601","서울어울초등학교","02","공립","N","","복식부기","예산세출","28165000","172685000","176715000","20318000","117476000","343676000","0","1000000"
"서울특별시교육청","서울특별시동부교육지원청","서울특별시 중랑구","S010005606","서울새솔초등학교","02","공립","N","","복식부기","예산세출","33620000","209453000","127904000","85529000","69563000","369618000","0","1000000"
"서울특별시교육청","서울특별시강남서초교육지원청","서울특별시 강남구","S010005828","서울율현초등학교","02","공립","N","","복식부기","예산세출","22005000","128959000","166790000","21950000","168214000","363258000","0","0"
"서울특별시교육청","서울특별시강남서초교육지원청","서울특별시 서초구","S010005830","서울우솔초등학교","02","공립","N","","복식부기","예산세출","16990000","90684000","129940000","15800000","66449000","357740000","0","0"
"서울특별시교육청","서울특별시강남서초교육지원청","서울특별시 강남구","S010005831","서울자곡초등학교","02","공립","N","","복식부기","예산세출","15470000","111658000","133092000","8629000","113167000","322113000","0","0"
"서울특별시교육청","서울특별시강남서초교육지원청","서울특별시 강남구","S010005832","서울세명초등학교","02","공립","N","","복식부기","예산세출","12760000","99346000","155784000","13655000","160071000","384291000","0","0"
"서울특별시교육청","서울특별시강동송파교육지원청","서울특별시 송파구","S010006043","서울송례초등학교","02","공립","N","","복식부기","예산세출","22225000","223908000","347180000","668564000","147764000","556721000","0","0"
"서울특별시교육청","서울특별시강동송파교육지원청","서울특별시 송파구","S010006211","서울위례별초등학교","02","공립","N","","복식부기","예산세출","37300000","207298000","381480000","552400000","181287000","476381000","0","0"
"서울특별시교육청","서울특별시강동송파교육지원청","서울특별시 강동구","S010006385","서울강솔초등학교","02","공립","N","","복식부기","예산세출","17040000","254598000","112740000","136970000","106531000","360481000","0","0"
"서울특별시교육청","서울특별시남부교육지원청","서울특별시 금천구","S010006386","서울금나래초등학교","02","공립","N","","복식부기","예산세출","32585000","179148000","232550000","70700000","139640000","366886000","0","0"
"서울특별시교육청","서울특별시남부교육지원청","서울특별시 구로구","S010006431","서울하늘숲초등학교","02","공립","N","","복식부기","예산세출","13640000","138192000","113720000","16000000","100264000","382304000","0","0"
"서울특별시교육청","서울특별시남부교육지원청","서울특별시 구로구","S010006432","서울항동초등학교","02","공립","N","","복식부기","예산세출","39140000","169388000","219050000","24006000","153432000","442108000","0","0"
"서울특별시교육청","서울특별시강동송파교육지원청","서울특별시 송파구","S010006433","서울해누리초등학교","02","공립","Y","본교는 초중이음학교(통합학교)로 초중회계통합으로 중학교에서 총괄 관리함","복식부기","","0","0","0","0","0","0","0","0"
"서울특별시교육청","서울특별시동부교육지원청","서울특별시 중랑구","S010006476","서울양원숲초등학교","02","공립","N","","복식부기","예산세출","19400000","159961000","130140000","42610000","83392000","309902000","0","1430000"
"서울특별시교육청","서울특별시강남서초교육지원청","서울특별시 강남구","S010006510","서울개현초등학교","02","공립","N","","복식부기","예산세출","16240000","150504000","213240000","24410000","374771000","441359000","0","0"
"서울특별시교육청","서울특별시강동송파교육지원청","서울특별시 강동구","S010006543","서울강빛초등학교","02","공립","Y","본교는 해당항목에 대해서 통계자료가 없으므로 제외함.","복식부기","","0","0","0","0","0","0","0","0"